1755,5			
1756,5	1		
1755,5	-1		
1755,5	0		
1755	-0,5		
1755,5	0,5		
1755	-0,5		
1754,5	-0,5		
1755,5	1		
1755	-0,5		
1755	0		
1755,5	0,5		
1755,5	0		
1754,5	-1		
1755,5	1		
1755	-0,5		
1755	0		
1753,6	-1,4		
1750,2	-3,4		
1749,3	-0,9		
1748,8	-0,5		
1747,3	-1,5		
1744,5	-2,8		
1743	-1,5		
1740,1	-2,9		
1740,1	0		
1740,6	0,5		
1740,1	-0,5		
1741,1	1		
1740,1	-1		
1743,5	3,4		
1743	-0,5		
1742,1	-0,9		
1743	0,9		
1748,8	5,8		
1744,9	-3,9		
1747,8	2,9		
1750,7	2,9		
1752,1	1,4		
1756,9	4,8		
1752,1	-4,8		
1756,5	4,4		
1757,9	1,4		
1760,8	2,9		
1764,2	3,4		
1760,8	-3,4		
1764,6	3,8		
1766,1	1,5		
1769,4	3,3		
1770,9	1,5		
1773,8	2,9		
1777,6	3,8		
1773,8	-3,8		
1777,6	3,8		
1778,6	1		
1780,5	1,9		
1777,1	-3,4		
1782,9	5,8		
1779,1	-3,8		
1783,9	4,8		
1780,5	-3,4		
1783,9	3,4		
1780	-3,9		
1784,8	4,8		
1781,9	-2,9		
1787,2	5,3		
1783,4	-3,8		
1787,2	3,8		
1783,4	-3,8		
1788,2	4,8		
1784,3	-3,9		
1788,2	3,9		
1784,8	-3,4		
1788,2	3,4		
1789,6	1,4		
1793	3,4		
1789,1	-3,9		
1794	4,9		
1789,6	-4,4		
1793,5	3,9		
1790,1	-3,4		
1794	3,9		
1790,1	-3,9		
1794,4	4,3		
1791,1	-3,3		
1795,9	4,8		
1792	-3,9		
1795,4	3,4		
1792	-3,4		
1794,9	2,9		
1798,8	3,9		
1794,4	-4,4		
1797,8	3,4		
1794,4	-3,4		
1799,7	5,3		
1801,2	1,5		
1797,8	-3,4		
1802,1	4,3		
1798,3	-3,8		
1802,1	3,8		
1798,3	-3,8		
1802,1	3,8		
1804,1	2		
1799,7	-4,4		
1804,5	4,8		
1801,2	-3,3		
1806,5	5,3		
1802,1	-4,4		
1807,4	5,3		
1804,1	-3,3		
1807,4	3,3		
1804,5	-2,9		
1807,9	3,4		
1806	-1,9		
1805,5	-0,5		
1808,9	3,4		
1805,5	-3,4		
1809,3	3,8		
1806	-3,3		
1805	-1		
1804,1	-0,9		
1804,5	0,4		
1802,6	-1,9		
1804,1	1,5		
1804,1	0		
1803,6	-0,5		
1804,1	0,5		
1804,5	0,4		
1805,5	1		
1801,7	-3,8		
1807,9	6,2		
1804,5	-3,4		
1807,4	2,9		
1804,1	-3,3		
1807,9	3,8		
1804,1	-3,8		
1808,4	4,3		
1805	-3,4		
1807,9	2,9		
1808,4	0,5		
1808,9	0,5		
1810,3	1,4		
1808,4	-1,9		
1808,4	0		
1809,3	0,9		
1809,8	0,5		
1810,3	0,5		
1809,8	-0,5		
1806,5	-3,3		
1809,8	3,3		
1808,4	-1,4		
1810,3	1,9		
1809,3	-1		
1810,3	1		
1809,8	-0,5		
1809,3	-0,5		
1810,8	1,5		
1811,3	0,5		
1811,7	0,4		
1811,3	-0,4		
1809,3	-2		
1812,7	3,4		
1808,4	-4,3		
1813,7	5,3		
1810,3	-3,4		
1810,8	0,5		
1811,3	0,5		
1810,8	-0,5		
1811,3	0,5		
1813,2	1,9		
1815,1	1,9		
1811,7	-3,4		
1815,1	3,4		
1815,1	0		
1813,7	-1,4		
1815,6	1,9		
1812,2	-3,4		
1815,1	2,9		
1818,9	3,8		
1817,5	-1,4		
1820,9	3,4		
1822,3	1,4		
1819,9	-2,4		
1821,8	1,9		
1820,4	-1,4		
1820,9	0,5		
1824,2	3,3		
1824,7	0,5		
1823,8	-0,9		
1825,7	1,9		
1822,8	-2,9		
1827,1	4,3		
1830,5	3,4		
1831	0,5		
1831,9	0,9		
1835,8	3,9		
1832,9	-2,9		
1836,3	3,4		
1835,8	-0,5		
1835,3	-0,5		
1838,7	3,4		
1837,2	-1,5		
1843,5	6,3		
1845,4	1,9		
1842	-3,4		
1845,9	3,9		
1847,8	1,9		
1843,9	-3,9		
1848,3	4,4		
1844,9	-3,4		
1849,7	4,8		
1846,8	-2,9		
1849,7	2,9		
1846,8	-2,9		
1850,7	3,9		
1853,6	2,9		
1850,2	-3,4		
1854	3,8		
1849,7	-4,3		
1853,6	3,9		
1850,7	-2,9		
1853,6	2,9		
1857,4	3,8		
1854	-3,4		
1857,4	3,4		
1853,6	-3,8		
1857,9	4,3		
1854	-3,9		
1857,9	3,9		
1854,5	-3,4		
1859,3	4,8		
1854,5	-4,8		
1860,3	5,8		
1856	-4,3		
1859,3	3,3		
1856	-3,3		
1860,8	4,8		
1856,4	-4,4		
1861,3	4,9		
1860,8	-0,5		
1866,1	5,3		
1862,2	-3,9		
1866,1	3,9		
1861,3	-4,8		
1865,1	3,8		
1861,3	-3,8		
1867,5	6,2		
1864,1	-3,4		
1867,5	3,4		
1864,1	-3,4		
1868,9	4,8		
1865,1	-3,8		
1868,9	3,8		
1865,6	-3,3		
1869,4	3,8		
1873,3	3,9		
1869,9	-3,4		
1870,4	0,5		
1872,8	2,4		
1873,7	0,9		
1877,1	3,4		
1873,7	-3,4		
1877,1	3,4		
1873,3	-3,8		
1878,1	4,8		
1874,7	-3,4		
1879	4,3		
1875,2	-3,8		
1878,5	3,3		
1880,5	2		
1877,1	-3,4		
1882,4	5,3		
1878,1	-4,3		
1882,4	4,3		
1879	-3,4		
1882,4	3,4		
1879	-3,4		
1882,9	3,9		
1878,1	-4,8		
1882,9	4,8		
1879,5	-3,4		
1883,8	4,3		
1882,9	-0,9		
1886,7	3,8		
1883,4	-3,3		
1888,2	4,8		
1885,3	-2,9		
1889,6	4,3		
1885,8	-3,8		
1889,6	3,8		
1893,9	4,3		
1890,1	-3,8		
1892	1,9		
1896,3	4,3		
1891,1	-5,2		
1897,3	6,2		
1892,5	-4,8		
1899,7	7,2		
1895,4	-4,3		
1895,9	0,5		
1897,8	1,9		
1897,8	0		
1901,1	3,3		
1897,3	-3,8		
1902,6	5,3		
1898,7	-3,9		
1902,1	3,4		
1900,7	-1,4		
1905,5	4,8		
1901,1	-4,4		
1904,5	3,4		
1901,1	-3,4		
1905,5	4,4		
1901,1	-4,4		
1905,9	4,8		
1902,1	-3,8		
1905,5	3,4		
1905,9	0,4		
1906,9	1		
1910,3	3,4		
1911,7	1,4		
1911,2	-0,5		
1913,2	2		
1910,3	-2,9		
1917,5	7,2		
1913,6	-3,9		
1915,6	2		
1916,5	0,9		
1918,9	2,4		
1920,9	2		
1918	-2,9		
1920,9	2,9		
1919,9	-1		
1923,3	3,4		
1922,8	-0,5		
1919,9	-2,9		
1923,7	3,8		
1917	-6,7		
1922,8	5,8		
1923,7	0,9		
1930	6,3		
1927,6	-2,4		
1921,8	-5,8		
1931,9	10,1		
1926,1	-5,8		
1930	3,9		
1925,7	-4,3		
1930	4,3		
1929	-1		
1932,4	3,4		
1929	-3,4		
1930	1		
1934,3	4,3		
1930,9	-3,4		
1935,7	4,8		
1932,4	-3,3		
1936,2	3,8		
1932,4	-3,8		
1938,6	6,2		
1935,3	-3,3		
1935,7	0,4		
1936,2	0,5		
1936,2	0		
1935,7	-0,5		
1939,6	3,9		
1936,7	-2,9		
1936,2	-0,5		
1937,7	1,5		
1937,7	0		
1936,7	-1		
1937,2	0,5		
1937,7	0,5		
1937,7	0		
1937,2	-0,5		
1937,7	0,5		
1939,1	1,4		
1938,2	-0,9		
1938,2	0		
1939,1	0,9		
1939,6	0,5		
1938,6	-1		
1938,6	0		
1935,3	-3,3		
1942,5	7,2		
1939,1	-3,4		
1938,6	-0,5		
1937,7	-0,9		
1934,8	-2,9		
1942,5	7,7		
1939,1	-3,4		
1939,1	0		
1938,6	-0,5		
1939,1	0,5		
1939,1	0		
1937,2	-1,9		
1938,6	1,4		
1942,5	3,9		
1937,2	-5,3		
1942,5	5,3		
1939,1	-3,4		
1939,6	0,5		
1940,6	1		
1939,6	-1		
1940,6	1		
1939,6	-1		
1941,5	1,9		
1939,6	-1,9		
1939,6	0		
1939,1	-0,5		
1940,6	1,5		
1936,7	-3,9		
1943,9	7,2		
1935,7	-8,2		
1944,4	8,7		
1937,2	-7,2		
1942,5	5,3		
1947,3	4,8		
1940,6	-6,7		
1945,4	4,8		
1945,4	0		
1945,4	0		
1950,7	5,3		
1946,8	-3,9		
1942,5	-4,3		
1943	0,5		
1949,2	6,2		
1945,4	-3,8		
1950,7	5,3		
1943,9	-6,8		
1946,8	2,9		
1943,9	-2,9		
1954	10,1		
1946,8	-7,2		
1951,1	4,3		
1945,9	-5,2		
1953,1	7,2		
1948,7	-4,4		
1951,6	2,9		
1948,7	-2,9		
1950,7	2		
1948,3	-2,4		
1952,1	3,8		
1952,1	0		
1950,7	-1,4		
1955	4,3		
1954,5	-0,5		
1956,9	2,4		
1956,9	0		
1952,6	-4,3		
1954	1,4		
1953,1	-0,9		
1957,4	4,3		
1953,5	-3,9		
1952,6	-0,9		
1957,4	4,8		
1954,5	-2,9		
1953,1	-1,4		
1952,6	-0,5		
1951,6	-1		
1955,9	4,3		
1959,3	3,4		
1954,5	-4,8		
1955	0,5		
1954,5	-0,5		
1953,5	-1		
1955,9	2,4		
1962,7	6,8		
1956,9	-5,8		
1956,4	-0,5		
1956,4	0		
1958,8	2,4		
1955,9	-2,9		
1962,2	6,3		
1958,8	-3,4		
1955,5	-3,3		
1960,3	4,8		
1956,9	-3,4		
1961,2	4,3		
1956,9	-4,3		
1959,3	2,4		
1962,7	3,4		
1961,2	-1,5		
1966,5	5,3		
1961,2	-5,3		
1966,5	5,3		
1965,1	-1,4		
1961,2	-3,9		
1965,5	4,3		
1960,7	-4,8		
1968	7,3		
1963,1	-4,9		
1959,8	-3,3		
1968,4	8,6		
1961,7	-6,7		
1965,5	3,8		
1960,7	-4,8		
1968,9	8,2		
1958,8	-10,1		
1971,8	13		
1967	-4,8		
1961,2	-5,8		
1971,8	10,6		
1966,5	-5,3		
1969,9	3,4		
1966,5	-3,4		
1971,8	5,3		
1969,4	-2,4		
1966	-3,4		
1976,6	10,6		
1970,4	-6,2		
1974,7	4,3		
1970,8	-3,9		
1975,2	4,4		
1969,9	-5,3		
1976,1	6,2		
1972,8	-3,3		
1975,2	2,4		
1971,3	-3,9		
1979	7,7		
1974,7	-4,3		
1978,5	3,8		
1974,7	-3,8		
1977,6	2,9		
1974,2	-3,4		
1977,1	2,9		
1979,5	2,4		
1981,4	1,9		
1977,6	-3,8		
1985,7	8,1		
1980,9	-4,8		
1977,6	-3,3		
1981,4	3,8		
1980	-1,4		
1983,3	3,3		
1980,5	-2,8		
1980	-0,5		
1984,8	4,8		
1982,4	-2,4		
1981,9	-0,5		
1982,9	1		
1983,8	0,9		
1980,5	-3,3		
1983,8	3,3		
1980,9	-2,9		
1991,5	10,6		
1985,7	-5,8		
1984,8	-0,9		
1988,6	3,8		
1985,7	-2,9		
1989,1	3,4		
1985,7	-3,4		
1981,9	-3,8		
1992	10,1		
1981,4	-10,6		
1993,9	12,5		
1993,9	0		
1989,1	-4,8		
1990,1	1		
1987,7	-2,4		
1993,4	5,7		
1990,1	-3,3		
1984,3	-5,8		
1993,4	9,1		
1986,2	-7,2		
1992,5	6,3		
1987,2	-5,3		
1993,4	6,2		
1989,6	-3,8		
1992	2,4		
1992	0		
1993,4	1,4		
1993,4	0		
1992,5	-0,9		
1992,5	0		
1992,5	0		
1988,1	-4,4		
1994,9	6,8		
1991,5	-3,4		
1995,3	3,8		
1991,5	-3,8		
1995,8	4,3		
1992	-3,8		
1995,3	3,3		
1998,7	3,4		
1995,3	-3,4		
1997,8	2,5		
2005,9	8,1		
2000,6	-5,3		
1997,3	-3,3		
2000,6	3,3		
2001,1	0,5		
1997,8	-3,3		
2005	7,2		
1999,2	-5,8		
2003,5	4,3		
1999,2	-4,3		
2004	4,8		
2001,1	-2,9		
2004,5	3,4		
1999,7	-4,8		
2007,4	7,7		
2000,6	-6,8		
2007,4	6,8		
2002,1	-5,3		
2006,4	4,3		
2002,1	-4,3		
2005,5	3,4		
2002,6	-2,9		
2006,9	4,3		
2002,6	-4,3		
2005,5	2,9		
2008,8	3,3		
2004	-4,8		
2008,3	4,3		
2003,5	-4,8		
2008,8	5,3		
2005,5	-3,3		
2008,8	3,3		
2005,5	-3,3		
2008,3	2,8		
2011,7	3,4		
2008,3	-3,4		
2011,7	3,4		
2010,3	-1,4		
2014,6	4,3		
2009,8	-4,8		
2015,1	5,3		
2009,3	-5,8		
2016	6,7		
2011,2	-4,8		
2015,5	4,3		
2010,3	-5,2		
2015,5	5,2		
2009,8	-5,7		
2017,5	7,7		
2010,7	-6,8		
2017,5	6,8		
2012,7	-4,8		
2017,5	4,8		
2013,1	-4,4		
2018,4	5,3		
2014,6	-3,8		
2018,4	3,8		
2012,7	-5,7		
2020,8	8,1		
2014,6	-6,2		
2018,9	4,3		
2013,6	-5,3		
2020,8	7,2		
2012,2	-8,6		
2022,3	10,1		
2015,5	-6,8		
2020,3	4,8		
2015,5	-4,8		
2021,8	6,3		
2018,4	-3,4		
2021,3	2,9		
2017	-4,3		
2023,7	6,7		
2018,9	-4,8		
2022,7	3,8		
2019,4	-3,3		
2023,7	4,3		
2020,3	-3,4		
2023,2	2,9		
2019,9	-3,3		
2023,7	3,8		
2020,3	-3,4		
2024,2	3,9		
2019,9	-4,3		
2025,1	5,2		
2021,8	-3,3		
2024,7	2,9		
2028	3,3		
2022,3	-5,7		
2028	5,7		
2023,2	-4,8		
2028,5	5,3		
2023,7	-4,8		
2027,6	3,9		
2028	0,4		
2024,7	-3,3		
2028,5	3,8		
2025,1	-3,4		
2028,5	3,4		
2029	0,5		
2032,8	3,8		
2031,4	-1,4		
2036,2	4,8		
2029,5	-6,7		
2036,7	7,2		
2030,4	-6,3		
2037,2	6,8		
2030,9	-6,3		
2035,7	4,8		
2031,4	-4,3		
2035,7	4,3		
2031,9	-3,8		
2035,7	3,8		
2031,9	-3,8		
2037,2	5,3		
2032,8	-4,4		
2037,7	4,9		
2032,8	-4,9		
2039,6	6,8		
2033,3	-6,3		
2040,5	7,2		
2034,8	-5,7		
2039,1	4,3		
2035,3	-3,8		
2040,1	4,8		
2038,6	-1,5		
2042,5	3,9		
2037,2	-5,3		
2042	4,8		
2037,7	-4,3		
2042	4,3		
2038,1	-3,9		
2042	3,9		
2037,7	-4,3		
2044,9	7,2		
2040,1	-4,8		
2043,9	3,8		
2040,1	-3,8		
2046,8	6,7		
2040,1	-6,7		
2044,9	4,8		
2043,4	-1,5		
2048,2	4,8		
2042,9	-5,3		
2050,6	7,7		
2043,4	-7,2		
2050,1	6,7		
2045,3	-4,8		
2049,2	3,9		
2046,3	-2,9		
2049,2	2,9		
2046,3	-2,9		
2051,6	5,3		
2046,8	-4,8		
2050,6	3,8		
2044,9	-5,7		
2054,5	9,6		
2047,3	-7,2		
2053,5	6,2		
2047,7	-5,8		
2054	6,3		
2049,7	-4,3		
2056,4	6,7		
2051,1	-5,3		
2055	3,9		
2051,1	-3,9		
2054,5	3,4		
2050,1	-4,4		
2057,8	7,7		
2053	-4,8		
2056,9	3,9		
2053,5	-3,4		
2056,9	3,4		
2053,5	-3,4		
2056,9	3,4		
2052,5	-4,4		
2060,2	7,7		
2054	-6,2		
2058,8	4,8		
2054	-4,8		
2060,2	6,2		
2055,4	-4,8		
2058,8	3,4		
2055,4	-3,4		
2057,4	2		
2056,9	-0,5		
2056,9	0		
2058,8	1,9		
2057,8	-1		
2057,8	0		
2054	-3,8		
2064,1	10,1		
2057,8	-6,3		
2059,8	2		
2059,8	0		
2058,3	-1,5		
2064,1	5,8		
2060,2	-3,9		
2061,7	1,5		
2063,6	1,9		
2063,6	0		
2061,7	-1,9		
2061,2	-0,5		
2063,1	1,9		
2064,1	1		
2062,7	-1,4		
2066,5	3,8		
2063,6	-2,9		
2063,1	-0,5		
2063,6	0,5		
2063,1	-0,5		
2063,6	0,5		
2063,1	-0,5		
2059,8	-3,3		
2063,6	3,8		
2064,6	1		
2064,1	-0,5		
2065,1	1		
2066	0,9		
2065,1	-0,9		
2069,9	4,8		
2067	-2,9		
2067,9	0,9		
2066	-1,9		
2071,3	5,3		
2067,9	-3,4		
2068,9	1		
2071,8	2,9		
2072,3	0,5		
2067,9	-4,4		
2075,1	7,2		
2073,2	-1,9		
2072,7	-0,5		
2076,1	3,4		
2069,9	-6,2		
2076,6	6,7		
2073,2	-3,4		
2076,6	3,4		
2075,6	-1		
2075,1	-0,5		
2078	2,9		
2076,1	-1,9		
2076,6	0,5		
2079	2,4		
2078,5	-0,5		
2075,1	-3,4		
2079,5	4,4		
2082,8	3,3		
2079,5	-3,3		
2081,4	1,9		
2081,9	0,5		
2082,3	0,4		
2079	-3,3		
2082,8	3,8		
2082,8	0		
2082,3	-0,5		
2081,9	-0,4		
2082,8	0,9		
2083,8	1		
2083,3	-0,5		
2084,8	1,5		
2083,3	-1,5		
2083,8	0,5		
2082,8	-1		
2087,6	4,8		
2084,8	-2,8		
2084,8	0		
2085,2	0,4		
2083,3	-1,9		
2085,2	1,9		
2088,1	2,9		
2085,2	-2,9		
2082,3	-2,9		
2085,7	3,4		
2087,2	1,5		
2083,8	-3,4		
2087,6	3,8		
2085,7	-1,9		
2085,2	-0,5		
2086,7	1,5		
2088,1	1,4		
2084,8	-3,3		
2084,8	0		
2089,1	4,3		
2085,7	-3,4		
2088,1	2,4		
2091	2,9		
2087,2	-3,8		
2088,6	1,4		
2088,6	0		
2088,1	-0,5		
2089,6	1,5		
2090	0,4		
2086,7	-3,3		
2088,6	1,9		
2092,9	4,3		
2090,5	-2,4		
2093,9	3,4		
2091	-2,9		
2091	0		
2092	1		
2092	0		
2090,5	-1,5		
2094,9	4,4		
2092	-2,9		
2091,5	-0,5		
2088,6	-2,9		
2086,7	-1,9		
2092,9	6,2		
2092,9	0		
2092,5	-0,4		
2094,9	2,4		
2092	-2,9		
2095,3	3,3		
2093,4	-1,9		
2097,3	3,9		
2095,8	-1,5		
2092,5	-3,3		
2097,3	4,8		
2093,4	-3,9		
2097,3	3,9		
2093,4	-3,9		
2096,8	3,4		
2097,7	0,9		
2097,7	0		
2098,7	1		
2098,7	0		
2097,3	-1,4		
2098,2	0,9		
2098,7	0,5		
2099,2	0,5		
2097,7	-1,5		
2102,5	4,8		
2099,2	-3,3		
2099,7	0,5		
2104,5	4,8		
2101,1	-3,4		
2100,1	-1		
2101,1	1		
2104	2,9		
2105,4	1,4		
2101,6	-3,8		
2105,4	3,8		
2107,3	1,9		
2104,5	-2,8		
2104,5	0		
2108,3	3,8		
2104,9	-3,4		
2104	-0,9		
2107,3	3,3		
2107,3	0		
2104,9	-2,4		
2103	-1,9		
2108,3	5,3		
2108,3	0		
2105,4	-2,9		
2103,5	-1,9		
2105,4	1,9		
2107,3	1,9		
2103	-4,3		
2105,9	2,9		
2109,7	3,8		
2106,9	-2,8		
2105,4	-1,5		
2107,8	2,4		
2113,1	5,3		
2110,2	-2,9		
2106,9	-3,3		
2110,2	3,3		
2114,1	3,9		
2110,7	-3,4		
2107,3	-3,4		
2107,3	0		
2114,6	7,3		
2114,6	0		
2110,7	-3,9		
2109,7	-1		
2110,7	1		
2113,6	2,9		
2110,7	-2,9		
2112,1	1,4		
2110,2	-1,9		
2111,7	1,5		
2110,2	-1,5		
2113,1	2,9		
2114,6	1,5		
2110,7	-3,9		
2110,7	0		
2114,6	3,9		
2112,6	-2		
2112,1	-0,5		
2115,5	3,4		
2115,5	0		
2113,6	-1,9		
2117,4	3,8		
2114,1	-3,3		
2112,1	-2		
2114,6	2,5		
2117	2,4		
2114,6	-2,4		
2117,9	3,3		
2118,9	1		
2115,5	-3,4		
2122,7	7,2		
2119,4	-3,3		
2122,7	3,3		
2123,7	1		
2119,4	-4,3		
2126,1	6,7		
2127,1	1		
2126,1	-1		
2130,4	4,3		
2127,5	-2,9		
2128	0,5		
2125,6	-2,4		
2127,5	1,9		
2128	0,5		
2130,9	2,9		
2128,5	-2,4		
2127,5	-1		
2129	1,5		
2127,1	-1,9		
2127,5	0,4		
2127,1	-0,4		
2129,9	2,8		
2128,5	-1,4		
2128,5	0		
2126,1	-2,4		
2127,5	1,4		
2129,9	2,4		
2128	-1,9		
2127,1	-0,9		
2129	1,9		
2126,1	-2,9		
2130,4	4,3		
2128	-2,4		
2126,1	-1,9		
2129,5	3,4		
2128	-1,5		
2127,5	-0,5		
2129,5	2		
2127,1	-2,4		
2130,4	3,3		
2128	-2,4		
2129,9	1,9		
2127,5	-2,4		
2126,6	-0,9		
2128,5	1,9		
2129	0,5		
2127,1	-1,9		
2129	1,9		
2128,5	-0,5		
2130,9	2,4		
2128	-2,9		
2127,1	-0,9		
2128,5	1,4		
2128	-0,5		
2129	1		
2128,5	-0,5		
2128,5	0		
2127,1	-1,4		
2128,5	1,4		
2131,9	3,4		
2129,5	-2,4		
2128	-1,5		
2129,5	1,5		
2130,9	1,4		
2127,1	-3,8		
2127,1	0		
2130,9	3,8		
2129	-1,9		
2128,5	-0,5		
2132,3	3,8		
2129,5	-2,8		
2130,9	1,4		
2129	-1,9		
2130,9	1,9		
2131,9	1		
2129	-2,9		
2131,4	2,4		
2129,5	-1,9		
2131,9	2,4		
2129,9	-2		
2132,3	2,4		
2128,5	-3,8		
2131,4	2,9		
2129,5	-1,9		
2132,3	2,8		
2129,5	-2,8		
2132,3	2,8		
2131,4	-0,9		
2129	-2,4		
2131,4	2,4		
2133,3	1,9		
2130,9	-2,4		
2132,3	1,4		
2129	-3,3		
2132,3	3,3		
2133,3	1		
2131,4	-1,9		
2131,9	0,5		
2131,9	0		
2132,3	0,4		
2131,4	-0,9		
2131,4	0		
2131,9	0,5		
2130,9	-1		
2134,3	3,4		
2137,6	3,3		
2139,1	1,5		
2142	2,9		
2145,3	3,3		
2148,2	2,9		
2148,2	0		
2151,6	3,4		
2154,4	2,8		
2155,9	1,5		
2157,8	1,9		
2161,2	3,4		
2163,6	2,4		
2163,6	0		
2164,1	0,5		
2167,9	3,8		
2169,8	1,9		
2171,8	2		
2170,3	-1,5		
2167,9	-2,4		
2172,7	4,8		
2173,7	1		
2174,6	0,9		
2171,8	-2,8		
2175,1	3,3		
2173,2	-1,9		
2176,6	3,4		
2180,9	4,3		
2179,4	-1,5		
2184,7	5,3		
2180,9	-3,8		
2179,4	-1,5		
2183,3	3,9		
2179,4	-3,9		
2182,8	3,4		
2187,1	4,3		
2185,2	-1,9		
2188,6	3,4		
2188,6	0		
2189,5	0,9		
2191	1,5		
2193,9	2,9		
2193,9	0		
2196,3	2,4		
2199,6	3,3		
2203,5	3,9		
2200,6	-2,9		
2203,5	2,9		
2204,9	1,4		
2208,3	3,4		
2205,9	-2,4		
2209,2	3,3		
2207,8	-1,4		
2210,7	2,9		
2208,8	-1,9		
2210,2	1,4		
2208,8	-1,4		
2208,8	0		
2210,2	1,4		
2211,2	1		
2212,1	0,9		
2212,1	0		
2210,7	-1,4		
2213,1	2,4		
2208,3	-4,8		
2208,3	0		
2214	5,7		
2212,6	-1,4		
2210,7	-1,9		
2214	3,3		
2214	0		
2217,9	3,9		
2216,5	-1,4		
2219,8	3,3		
2223,2	3,4		
2226,1	2,9		
2221,7	-4,4		
2221,7	0		
2226,6	4,9		
2226,6	0		
2229,4	2,8		
2229,9	0,5		
2233,3	3,4		
2230,4	-2,9		
2231,8	1,4		
2234,7	2,9		
2238,1	3,4		
2241,9	3,8		
2241	-0,9		
2242,4	1,4		
2244,8	2,4		
2247,2	2,4		
2249,1	1,9		
2252	2,9		
2248,2	-3,8		
2251,5	3,3		
2255,4	3,9		
2254,4	-1		
2257,8	3,4		
2261,2	3,4		
2260,2	-1		
2264	3,8		
2264	0		
2271,2	7,2		
2266,4	-4,8		
2265	-1,4		
2266,4	1,4		
2264,5	-1,9		
2266,9	2,4		
2267,9	1		
2270,8	2,9		
2269,8	-1		
2273,7	3,9		
2275,6	1,9		
2272,2	-3,4		
2277,5	5,3		
2277	-0,5		
2277,5	0,5		
2275,1	-2,4		
2277	1,9		
2278,5	1,5		
2275,6	-2,9		
2274,1	-1,5		
2278,5	4,4		
2280,4	1,9		
2277	-3,4		
2281,8	4,8		
2278,5	-3,3		
2277,5	-1		
2279,4	1,9		
2278	-1,4		
2279,9	1,9		
2279,9	0		
2277	-2,9		
2277	0		
2281,4	4,4		
2283,3	1,9		
2281,8	-1,5		
2281,8	0		
2279,9	-1,9		
2284,7	4,8		
2283,3	-1,4		
2280,9	-2,4		
2284,2	3,3		
2285,2	1		
2283,8	-1,4		
2282,3	-1,5		
2285,2	2,9		
2281,8	-3,4		
2285,7	3,9		
2283,8	-1,9		
2285,7	1,9		
2288,1	2,4		
2284,7	-3,4		
2284,2	-0,5		
2286,2	2		
2284,7	-1,5		
2281,4	-3,3		
2281,4	0		
2284,2	2,8		
2286,6	2,4		
2286,2	-0,4		
2282,3	-3,9		
2286,2	3,9		
2287,6	1,4		
2284,7	-2,9		
2287,6	2,9		
2285,7	-1,9		
2288,6	2,9		
2286,2	-2,4		
2288,6	2,4		
2286,2	-2,4		
2289	2,8		
2286,6	-2,4		
2289,5	2,9		
2288,1	-1,4		
2289	0,9		
2289,5	0,5		
2290	0,5		
2290,5	0,5		
2292,4	1,9		
2289,5	-2,9		
2288,6	-0,9		
2291	2,4		
2287,1	-3,9		
2292,9	5,8		
2290	-2,9		
2292,4	2,4		
2290,5	-1,9		
2288,1	-2,4		
2293,4	5,3		
2290,5	-2,9		
2291,4	0,9		
2293,8	2,4		
2291	-2,8		
2292,4	1,4		
2291	-1,4		
2290,5	-0,5		
2293,4	2,9		
2289,5	-3,9		
2293,8	4,3		
2293,8	0		
2292,4	-1,4		
2291,4	-1		
2291,9	0,5		
2297,2	5,3		
2293,8	-3,4		
2293,8	0		
2294,3	0,5		
2290,5	-3,8		
2290,5	0		
2296,7	6,2		
2295,3	-1,4		
2292,9	-2,4		
2296,2	3,3		
2293,8	-2,4		
2298,2	4,4		
2295,8	-2,4		
2294,3	-1,5		
2297,7	3,4		
2294,8	-2,9		
2294,8	0		
2296,2	1,4		
2298,2	2		
2296,7	-1,5		
2293,8	-2,9		
2297,2	3,4		
2299,6	2,4		
2297,7	-1,9		
2300,6	2,9		
2295,8	-4,8		
2297,7	1,9		
2297,2	-0,5		
2296,2	-1		
2301,5	5,3		
2298,2	-3,3		
2298,2	0		
2302	3,8		
2302	0		
2300,1	-1,9		
2299,1	-1		
2296,2	-2,9		
2298,2	2		
2299,6	1,4		
2300,6	1		
2297,2	-3,4		
2299,6	2,4		
2301,5	1,9		
2299,6	-1,9		
2301	1,4		
2303,5	2,5		
2299,6	-3,9		
2298,6	-1		
2301	2,4		
2302,5	1,5		
2302	-0,5		
2302	0		
2300,1	-1,9		
2304,4	4,3		
2304,4	0		
2301	-3,4		
2302,5	1,5		
2301	-1,5		
2300,1	-0,9		
2302,5	2,4		
2304,9	2,4		
2303	-1,9		
2303,5	0,5		
2303	-0,5		
2304,4	1,4		
2304,9	0,5		
2301	-3,9		
2303,9	2,9		
2305,9	2		
2302,5	-3,4		
2302,5	0		
2304,9	2,4		
2307,3	2,4		
2305,4	-1,9		
2303,9	-1,5		
2305,9	2		
2304,4	-1,5		
2307,3	2,9		
2303,5	-3,8		
2303,5	0		
2308,7	5,2		
2306,3	-2,4		
2304,9	-1,4		
2307,8	2,9		
2305,4	-2,4		
2307,8	2,4		
2310,2	2,4		
2307,8	-2,4		
2305,9	-1,9		
2307,3	1,4		
2311,2	3,9		
2308,7	-2,5		
2305,9	-2,8		
2307,3	1,4		
2309,2	1,9		
2311,6	2,4		
2305,9	-5,7		
2305,9	0		
2310,2	4,3		
2311,2	1		
2307,8	-3,4		
2311,2	3,4		
2312,1	0,9		
2311,2	-0,9		
2311,6	0,4		
2309,7	-1,9		
2312,6	2,9		
2314,5	1,9		
2313,1	-1,4		
2313,6	0,5		
2311,6	-2		
2312,6	1		
2316	3,4		
2313,6	-2,4		
2315	1,4		
2310,7	-4,3		
2314,5	3,8		
2314,5	0		
2312,6	-1,9		
2314	1,4		
2315,5	1,5		
2314,5	-1		
2314	-0,5		
2315,5	1,5		
2312,6	-2,9		
2315,5	2,9		
2314	-1,5		
2317,9	3,9		
2315,5	-2,4		
2314	-1,5		
2316,4	2,4		
2315,5	-0,9		
2315,5	0		
2316,9	1,4		
2318,4	1,5		
2316,4	-2		
2315,5	-0,9		
2317,9	2,4		
2319,3	1,4		
2317,4	-1,9		
2319,8	2,4		
2318,4	-1,4		
2319,3	0,9		
2317,4	-1,9		
2318,4	1		
2317,4	-1		
2320,3	2,9		
2317,9	-2,4		
2319,8	1,9		
2311,6	-8,2		
2311,6	0		
2326	14,4		
2319,3	-6,7		
2319,8	0,5		
2319,3	-0,5		
2321,2	1,9		
2323,6	2,4		
2321,2	-2,4		
2320,8	-0,4		
2322,2	1,4		
2319,8	-2,4		
2321,7	1,9		
2324,1	2,4		
2321,7	-2,4		
2323,6	1,9		
2322,7	-0,9		
2327,5	4,8		
2327,5	0		
2324,6	-2,9		
2327	2,4		
2324,1	-2,9		
2326,5	2,4		
2324,6	-1,9		
2324,6	0		
2328,9	4,3		
2328,9	0		
2326	-2,9		
2328	2		
2325,1	-2,9		
2329,4	4,3		
2327,5	-1,9		
2325,1	-2,4		
2329,9	4,8		
2328	-1,9		
2327,5	-0,5		
2330,8	3,3		
2329,4	-1,4		
2327	-2,4		
2328,9	1,9		
2329,9	1		
2327,5	-2,4		
2333,7	6,2		
2327,5	-6,2		
2330,8	3,3		
2328,9	-1,9		
2330,4	1,5		
2327,5	-2,9		
2329,9	2,4		
2330,8	0,9		
2332,3	1,5		
2330,4	-1,9		
2333,3	2,9		
2330,4	-2,9		
2331,8	1,4		
2332,8	1		
2328,9	-3,9		
2332,3	3,4		
2333,7	1,4		
2329,9	-3,8		
2333,7	3,8		
2333,7	0		
2336,6	2,9		
2330,8	-5,8		
2334,7	3,9		
2334,7	0		
2335,2	0,5		
2336,6	1,4		
2339,5	2,9		
2335,7	-3,8		
2339	3,3		
2342,9	3,9		
2340	-2,9		
2342,4	2,4		
2338,1	-4,3		
2346,2	8,1		
2342,4	-3,8		
2343,8	1,4		
2342,9	-0,9		
2343,4	0,5		
2345,8	2,4		
2340,5	-5,3		
2345,3	4,8		
2348,6	3,3		
2345,3	-3,3		
2343,4	-1,9		
2345,8	2,4		
2343,8	-2		
2342,4	-1,4		
2338,1	-4,3		
2341,4	3,3		
2337,1	-4,3		
2341	3,9		
2336,1	-4,9		
2339,5	3,4		
2337,1	-2,4		
2335,2	-1,9		
2334,7	-0,5		
2333,3	-1,4		
2331,3	-2		
2329,9	-1,4		
2328	-1,9		
2325,6	-2,4		
2325,1	-0,5		
2323,6	-1,5		
2320,8	-2,8		
2317,9	-2,9		
2316,9	-1		
2313,6	-3,3		
2313,6	0		
2320,3	6,7		
2313,6	-6,7		
2318,4	4,8		
2314,5	-3,9		
2318,8	4,3		
2315,5	-3,3		
2314	-1,5		
2317,4	3,4		
2316,9	-0,5		
2315	-1,9		
2309,7	-5,3		
2316	6,3		
2319,8	3,8		
2315,5	-4,3		
2316,9	1,4		
2312,6	-4,3		
2317,4	4,8		
2314	-3,4		
2319,8	5,8		
2317,4	-2,4		
2314	-3,4		
2316,4	2,4		
2320,3	3,9		
2316,4	-3,9		
2311,6	-4,8		
2317,9	6,3		
2314,5	-3,4		
2318,8	4,3		
2316	-2,8		
2316,4	0,4		
2315,5	-0,9		
2315	-0,5		
2315	0		
2316,9	1,9		
2313,1	-3,8		
2316,4	3,3		
2312,1	-4,3		
2316,9	4,8		
2316,9	0		
2316,9	0		
2315,5	-1,4		
2319,3	3,8		
2313,6	-5,7		
2315	1,4		
2318,4	3,4		
2312,6	-5,8		
2318,8	6,2		
2316,4	-2,4		
2312,6	-3,8		
2318,8	6,2		
2315	-3,8		
2317,9	2,9		
2316,9	-1		
2316	-0,9		
2316,9	0,9		
2314,5	-2,4		
2314,5	0		
2310,2	-4,3		
2317,9	7,7		
2312,1	-5,8		
2315,5	3,4		
2316	0,5		
2315	-1		
2312,1	-2,9		
2317,4	5,3		
2314	-3,4		
2317,9	3,9		
2314,5	-3,4		
2314,5	0		
2320,8	6,3		
2316	-4,8		
2316,4	0,4		
2312,6	-3,8		
2317,9	5,3		
2317,9	0		
2316,9	-1		
2320,8	3,9		
2316,9	-3,9		
2320,3	3,4		
2316,9	-3,4		
2320,8	3,9		
2316	-4,8		
2319,3	3,3		
2316	-3,3		
2320,8	4,8		
2317,4	-3,4		
2319,8	2,4		
2316,9	-2,9		
2319,8	2,9		
2317,9	-1,9		
2321,7	3,8		
2321,7	0		
2318,8	-2,9		
2317,4	-1,4		
2321,2	3,8		
2316,9	-4,3		
2322,2	5,3		
2320,3	-1,9		
2321,2	0,9		
2321,7	0,5		
2320,8	-0,9		
2322,2	1,4		
2318,8	-3,4		
2323,2	4,4		
2319,3	-3,9		
2325,1	5,8		
2321,7	-3,4		
2320,8	-0,9		
2320,8	0		
2320,3	-0,5		
2320,3	0		
2316,4	-3,9		
2319,8	3,4		
2319,8	0		
2319,3	-0,5		
2320,3	1		
2324,6	4,3		
2319,8	-4,8		
2320,8	1		
2324,6	3,8		
2321,2	-3,4		
2320,8	-0,4		
2323,2	2,4		
2320,3	-2,9		
2320,3	0		
2325,1	4,8		
2323,2	-1,9		
2323,6	0,4		
2322,7	-0,9		
2321,7	-1		
2322,7	1		
2317,9	-4,8		
2322,2	4,3		
2316,4	-5,8		
2322,2	5,8		
2324,1	1,9		
2320,3	-3,8		
2322,7	2,4		
2318,4	-4,3		
2322,2	3,8		
2321,2	-1		
2320,3	-0,9		
2321,7	1,4		
2324,1	2,4		
2320,8	-3,3		
2322,7	1,9		
2321,2	-1,5		
2322,2	1		
2322,2	0		
2321,7	-0,5		
2323,6	1,9		
2325,1	1,5		
2322,2	-2,9		
2322,2	0		
2320,3	-1,9		
2322,2	1,9		
2321,2	-1		
2325,6	4,4		
2323,6	-2		
2321,7	-1,9		
2324,6	2,9		
2323,2	-1,4		
2327,5	4,3		
2323,6	-3,9		
2324,6	1		
2325,1	0,5		
2324,6	-0,5		
2327,5	2,9		
2326	-1,5		
2325,6	-0,4		
2322,2	-3,4		
2322,2	0		
2327,5	5,3		
2325,6	-1,9		
2329,4	3,8		
2326	-3,4		
2326	0		
2329,4	3,4		
2325,6	-3,8		
2328,4	2,8		
2325,6	-2,8		
2327,5	1,9		
2325,1	-2,4		
2328,4	3,3		
2327,5	-0,9		
2328,9	1,4		
2325,6	-3,3		
2329,4	3,8		
2327	-2,4		
2330,4	3,4		
2330,8	0,4		
2335,2	4,4		
2330,8	-4,4		
2333,3	2,5		
2329,9	-3,4		
2337,1	7,2		
2332,3	-4,8		
2335,2	2,9		
2334,7	-0,5		
2333,7	-1		
2332,3	-1,4		
2335,7	3,4		
2330,8	-4,9		
2334,2	3,4		
2330,4	-3,8		
2334,2	3,8		
2330,8	-3,4		
2334,2	3,4		
2330,4	-3,8		
2333,7	3,3		
2334,7	1		
2330,8	-3,9		
2331,8	1		
2338,5	6,7		
2334,2	-4,3		
2336,1	1,9		
2339,5	3,4		
2335,2	-4,3		
2339	3,8		
2337,6	-1,4		
2339	1,4		
2335,7	-3,3		
2340	4,3		
2335,2	-4,8		
2339,5	4,3		
2332,8	-6,7		
2341,9	9,1		
2337,1	-4,8		
2341,4	4,3		
2337,1	-4,3		
2337,6	0,5		
2340	2,4		
2337,1	-2,9		
2341	3,9		
2343,8	2,8		
2341	-2,8		
2342,4	1,4		
2345,8	3,4		
2342,9	-2,9		
2339,5	-3,4		
2347,7	8,2		
2343,4	-4,3		
2343,4	0		
2343,4	0		
2343,4	0		
2338,5	-4,9		
2342,9	4,4		
2341,4	-1,5		
2340,5	-0,9		
2340	-0,5		
2340	0		
2337,6	-2,4		
2337,6	0		
2338,1	0,5		
2338,1	0		
2337,6	-0,5		
2337,6	0		
2334,7	-2,9		
2338,1	3,4		
2334,7	-3,4		
2338,1	3,4		
2334,2	-3,9		
2338,5	4,3		
2335,7	-2,8		
2339	3,3		
2333,3	-5,7		
2340	6,7		
2335,7	-4,3		
2339,5	3,8		
2337,6	-1,9		
2336,6	-1		
2340	3,4		
2339,5	-0,5		
2341,4	1,9		
2338,5	-2,9		
2341,4	2,9		
2340	-1,4		
2343,8	3,8		
2341	-2,8		
2345,3	4,3		
2342,9	-2,4		
2343,8	0,9		
2341	-2,8		
2344,8	3,8		
2343,4	-1,4		
2346,7	3,3		
2343,4	-3,3		
2348,2	4,8		
2346,2	-2		
2346,2	0		
2344,3	-1,9		
2350,1	5,8		
2344,3	-5,8		
2348,6	4,3		
2345,3	-3,3		
2351	5,7		
2347,7	-3,3		
2348,2	0,5		
2351,5	3,3		
2352,5	1		
2355,4	2,9		
2351,5	-3,9		
2355,8	4,3		
2352	-3,8		
2354,9	2,9		
2351	-3,9		
2354,4	3,4		
2346,2	-8,2		
2360,6	14,4		
2352	-8,6		
2357,3	5,3		
2357,3	0		
2360,6	3,3		
2355,8	-4,8		
2360,2	4,4		
2357,8	-2,4		
2361,1	3,3		
2363,5	2,4		
2361,6	-1,9		
2362,6	1		
2366,4	3,8		
2362,6	-3,8		
2366,9	4,3		
2363,5	-3,4		
2366,4	2,9		
2369,8	3,4		
2367,9	-1,9		
2365	-2,9		
2373,6	8,6		
2367,9	-5,7		
2371,2	3,3		
2370,3	-0,9		
2374,1	3,8		
2367,9	-6,2		
2374,1	6,2		
2368,8	-5,3		
2373,2	4,4		
2369,8	-3,4		
2373,6	3,8		
2369,8	-3,8		
2375,1	5,3		
2367,4	-7,7		
2378	10,6		
2371,7	-6,3		
2375,1	3,4		
2369,8	-5,3		
2376,5	6,7		
2370,8	-5,7		
2373,6	2,8		
2378	4,4		
2374,6	-3,4		
2376,5	1,9		
2380,8	4,3		
2374,6	-6,2		
2378,9	4,3		
2374,6	-4,3		
2377,5	2,9		
2377,5	0		
2373,2	-4,3		
2380,4	7,2		
2377,5	-2,9		
2379,4	1,9		
2375,1	-4,3		
2381,8	6,7		
2377	-4,8		
2381,3	4,3		
2377	-4,3		
2381,3	4,3		
2373,2	-8,1		
2387,1	13,9		
2379,9	-7,2		
2383,2	3,3		
2379,4	-3,8		
2383,2	3,8		
2379,4	-3,8		
2384,2	4,8		
2380,4	-3,8		
2383,7	3,3		
2379,4	-4,3		
2384,2	4,8		
2381,3	-2,9		
2384,7	3,4		
2380,4	-4,3		
2386,6	6,2		
2381,3	-5,3		
2386,1	4,8		
2383,2	-2,9		
2386,1	2,9		
2385,2	-0,9		
2390	4,8		
2383,7	-6,3		
2387,1	3,4		
2383,7	-3,4		
2389	5,3		
2385,6	-3,4		
2382,3	-3,3		
2388	5,7		
2386,6	-1,4		
2390	3,4		
2386,6	-3,4		
2390,9	4,3		
2386,6	-4,3		
2391,4	4,8		
2390,9	-0,5		
2387,1	-3,8		
2392,4	5,3		
2391,9	-0,5		
2393,3	1,4		
2396,7	3,4		
2390,9	-5,8		
2394,3	3,4		
2390	-4,3		
2393,8	3,8		
2390,5	-3,3		
2394,3	3,8		
2390,9	-3,4		
2395,7	4,8		
2391,4	-4,3		
2394,8	3,4		
2391,9	-2,9		
2395,7	3,8		
2393,8	-1,9		
2393,8	0		
2392,9	-0,9		
2394,3	1,4		
2393,3	-1		
2391,9	-1,4		
2392,4	0,5		
2391,9	-0,5		
2391,4	-0,5		
2390,9	-0,5		
2390,5	-0,4		
2390	-0,5		
2389,5	-0,5		
2387,6	-1,9		
2388,5	0,9		
2389	0,5		
2388,5	-0,5		
2388,5	0		
2387,6	-0,9		
2387,1	-0,5		
2388,5	1,4		
2387,1	-1,4		
2386,1	-1		
2386,1	0		
2385,6	-0,5		
2386,1	0,5		
2385,2	-0,9		
2384,7	-0,5		
2384,2	-0,5		
2384,2	0		
2381,3	-2,9		
2384,7	3,4		
2383,2	-1,5		
2386,6	3,4		
2382,3	-4,3		
2381,8	-0,5		
2377,5	-4,3		
2388	10,5		
2380,4	-7,6		
2385,2	4,8		
2379,9	-5,3		
2388	8,1		
2383,2	-4,8		
2379,9	-3,3		
2385,6	5,7		
2382,3	-3,3		
2385,6	3,3		
2380,8	-4,8		
2386,6	5,8		
2382,8	-3,8		
2384,7	1,9		
2390,9	6,2		
2385,2	-5,7		
2379,9	-5,3		
2393,3	13,4		
2387,6	-5,7		
2382,3	-5,3		
2388,5	6,2		
2383,2	-5,3		
2390,9	7,7		
2388,5	-2,4		
2377	-11,5		
2399,6	22,6		
2388	-11,6		
2381,8	-6,2		
2393,8	12		
2384,7	-9,1		
2390,5	5,8		
2385,2	-5,3		
2391,9	6,7		
2388	-3,9		
2390,9	2,9		
2385,2	-5,7		
2394,3	9,1		
2386,6	-7,7		
2393,3	6,7		
2385,6	-7,7		
2395,3	9,7		
2391,4	-3,9		
2395,7	4,3		
2389,5	-6,2		
2393,3	3,8		
2396,7	3,4		
2392,9	-3,8		
2398,2	5,3		
2392,4	-5,8		
2397,2	4,8		
2392,9	-4,3		
2396,2	3,3		
2391,9	-4,3		
2399,1	7,2		
2395,7	-3,4		
2400,1	4,4		
2394,3	-5,8		
2400,1	5,8		
2395,3	-4,8		
2401	5,7		
2397,7	-3,3		
2393,3	-4,4		
2406,8	13,5		
2400,6	-6,2		
2404,9	4,3		
2400,1	-4,8		
2404,4	4,3		
2399,6	-4,8		
2406,3	6,7		
2400,1	-6,2		
2406,3	6,2		
2401	-5,3		
2405,4	4,4		
2402	-3,4		
2406,3	4,3		
2404,9	-1,4		
2401,5	-3,4		
2405,8	4,3		
2401,5	-4,3		
2405,4	3,9		
2402	-3,4		
2407,3	5,3		
2403	-4,3		
2407,8	4,8		
2404,4	-3,4		
2408,2	3,8		
2404,9	-3,3		
2409,7	4,8		
2403,4	-6,3		
2411,1	7,7		
2406,3	-4,8		
2403	-3,3		
2412,1	9,1		
2407,8	-4,3		
2405,8	-2		
2402,5	-3,3		
2413,5	11		
2408,2	-5,3		
2400,1	-8,1		
2415,4	15,3		
2401	-14,4		
2415,4	14,4		
2407,8	-7,6		
2404,9	-2,9		
2413	8,1		
2408,2	-4,8		
2403,9	-4,3		
2415,9	12		
2406,8	-9,1		
2411,6	4,8		
2415,4	3,8		
2408,2	-7,2		
2414	5,8		
2406,8	-7,2		
2416,9	10,1		
2408,7	-8,2		
2411,6	2,9		
2406,8	-4,8		
2413,5	6,7		
2409,2	-4,3		
2413	3,8		
2407,8	-5,2		
2412,1	4,3		
2416,9	4,8		
2413	-3,9		
2412,6	-0,4		
2417,4	4,8		
2411,1	-6,3		
2418,3	7,2		
2414,5	-3,8		
2409,2	-5,3		
2414,5	5,3		
2419,3	4,8		
2416,4	-2,9		
2412,6	-3,8		
2419,8	7,2		
2415,9	-3,9		
2413	-2,9		
2416,4	3,4		
2411,6	-4,8		
2419,3	7,7		
2409,2	-10,1		
2424,6	15,4		
2417,8	-6,8		
2422,7	4,9		
2417,8	-4,9		
2420,7	2,9		
2416,9	-3,8		
2425,1	8,2		
2420,3	-4,8		
2415,9	-4,4		
2425,1	9,2		
2421,2	-3,9		
2420,7	-0,5		
2416,9	-3,8		
2424,1	7,2		
2419,3	-4,8		
2419,3	0		
2424,1	4,8		
2419,3	-4,8		
2423,6	4,3		
2417,4	-6,2		
2424,6	7,2		
2420,3	-4,3		
2424,1	3,8		
2419,3	-4,8		
2424,1	4,8		
2416,9	-7,2		
2426,5	9,6		
2423,1	-3,4		
2419,3	-3,8		
2423,1	3,8		
2419,8	-3,3		
2427	7,2		
2424,6	-2,4		
2428,4	3,8		
2422,2	-6,2		
2426,5	4,3		
2422,7	-3,8		
2428,4	5,7		
2426,5	-1,9		
2425,1	-1,4		
2428,9	3,8		
2426	-2,9		
2429,9	3,9		
2425,1	-4,8		
2431,3	6,2		
2427,5	-3,8		
2430,4	2,9		
2427	-3,4		
2431,3	4,3		
2428	-3,3		
2431,8	3,8		
2428	-3,8		
2432,3	4,3		
2426	-6,3		
2431,8	5,8		
2425,1	-6,7		
2432,3	7,2		
2428,4	-3,9		
2432,8	4,4		
2429,4	-3,4		
2429,4	0		
2432,3	2,9		
2432,8	0,5		
2434,2	1,4		
2431,3	-2,9		
2433,7	2,4		
2430,8	-2,9		
2433,7	2,9		
2431,3	-2,4		
2434,2	2,9		
2432,3	-1,9		
2428,9	-3,4		
2438	9,1		
2429,9	-8,1		
2435,6	5,7		
2430,8	-4,8		
2435,6	4,8		
2430,8	-4,8		
2438,5	7,7		
2438,5	0		
2437,1	-1,4		
2432,3	-4,8		
2439	6,7		
2428,9	-10,1		
2442,8	13,9		
2438,5	-4,3		
2439,5	1		
2434,7	-4,8		
2441,4	6,7		
2437,6	-3,8		
2440,4	2,8		
2437,1	-3,3		
2439,5	2,4		
2440,4	0,9		
2438,5	-1,9		
2443,8	5,3		
2437,6	-6,2		
2441,4	3,8		
2435,6	-5,8		
2438	2,4		
2446,7	8,7		
2440,9	-5,8		
2440,4	-0,5		
2439	-1,4		
2441,4	2,4		
2443,8	2,4		
2440	-3,8		
2441,4	1,4		
2437,1	-4,3		
2442,8	5,7		
2436,6	-6,2		
2443,8	7,2		
2440	-3,8		
2444,8	4,8		
2437,1	-7,7		
2446,2	9,1		
2440,9	-5,3		
2444,8	3,9		
2438,5	-6,3		
2447,6	9,1		
2441,4	-6,2		
2446,7	5,3		
2445,2	-1,5		
2440,4	-4,8		
2447,2	6,8		
2443,8	-3,4		
2443,8	0		
2448,6	4,8		
2445,7	-2,9		
2442,4	-3,3		
2451	8,6		
2442,8	-8,2		
2450,1	7,3		
2445,2	-4,9		
2451	5,8		
2447,6	-3,4		
2452	4,4		
2447,6	-4,4		
2452	4,4		
2448,6	-3,4		
2450,1	1,5		
2446,2	-3,9		
2452,9	6,7		
2448,1	-4,8		
2452,5	4,4		
2448,1	-4,4		
2452,9	4,8		
2447,6	-5,3		
2452,5	4,9		
2452,9	0,4		
2449,6	-3,3		
2458,2	8,6		
2451,5	-6,7		
2457,8	6,3		
2452,5	-5,3		
2451	-1,5		
2457,3	6,3		
2452,9	-4,4		
2448,6	-4,3		
2452	3,4		
2456,8	4,8		
2451	-5,8		
2456,3	5,3		
2453,4	-2,9		
2456,8	3,4		
2452,9	-3,9		
2456,3	3,4		
2451	-5,3		
2461,1	10,1		
2454,9	-6,2		
2458,2	3,3		
2453,9	-4,3		
2459,7	5,8		
2455,3	-4,4		
2460,2	4,9		
2457,3	-2,9		
2453,9	-3,4		
2463,5	9,6		
2456,8	-6,7		
2452,5	-4,3		
2462,6	10,1		
2457,8	-4,8		
2454,4	-3,4		
2461,1	6,7		
2457,8	-3,3		
2462,1	4,3		
2457,8	-4,3		
2462,6	4,8		
2459,7	-2,9		
2462,6	2,9		
2457,8	-4,8		
2464,5	6,7		
2458,2	-6,3		
2465	6,8		
2459,7	-5,3		
2464	4,3		
2460,6	-3,4		
2465	4,4		
2461,1	-3,9		
2457,8	-3,3		
2465,9	8,1		
2460,6	-5,3		
2464,5	3,9		
2458,2	-6,3		
2463,5	5,3		
2465	1,5		
2463	-2		
2467,4	4,4		
2464	-3,4		
2467,4	3,4		
2464	-3,4		
2470,2	6,2		
2465,4	-4,8		
2464,5	-0,9		
2468,3	3,8		
2464,5	-3,8		
2464,5	0		
2468,3	3,8		
2465,4	-2,9		
2462,1	-3,3		
2463,5	1,4		
2471,7	8,2		
2468,3	-3,4		
2464,5	-3,8		
2474,6	10,1		
2467,4	-7,2		
2460,6	-6,8		
2475,5	14,9		
2464,5	-11		
2468,8	4,3		
2465,9	-2,9		
2470,7	4,8		
2475,5	4,8		
2468,3	-7,2		
2471,7	3,4		
2467,8	-3,9		
2472,6	4,8		
2465,9	-6,7		
2465,9	0		
2472,2	6,3		
2470,7	-1,5		
2467,8	-2,9		
2474,1	6,3		
2472,6	-1,5		
2470,7	-1,9		
2478,4	7,7		
2473,6	-4,8		
2469,8	-3,8		
2474,6	4,8		
2478,4	3,8		
2474,1	-4,3		
2478,4	4,3		
2475,5	-2,9		
2475	-0,5		
2477,9	2,9		
2471,7	-6,2		
2487,6	15,9		
2476,5	-11,1		
2480,3	3,8		
2477,9	-2,4		
2477,4	-0,5		
2477,4	0		
2477,4	0		
2477,9	0,5		
2478,4	0,5		
2477,4	-1		
2477,4	0		
2474,1	-3,3		
2477,4	3,3		
2474,1	-3,3		
2479,9	5,8		
2477	-2,9		
2477,9	0,9		
2474,1	-3,8		
2478,4	4,3		
2473,1	-5,3		
2484,2	11,1		
2475,5	-8,7		
2479,4	3,9		
2478,4	-1		
2473,1	-5,3		
2477,4	4,3		
2474,1	-3,3		
2476,5	2,4		
2475	-1,5		
2470,2	-4,8		
2475,5	5,3		
2471,7	-3,8		
2476,5	4,8		
2473,6	-2,9		
2475,5	1,9		
2472,2	-3,3		
2475	2,8		
2470,2	-4,8		
2476	5,8		
2470,7	-5,3		
2477,4	6,7		
2471,7	-5,7		
2477	5,3		
2473,6	-3,4		
2477,4	3,8		
2473,6	-3,8		
2478,4	4,8		
2475	-3,4		
2482,3	7,3		
2477	-5,3		
2481,8	4,8		
2477,9	-3,9		
2478,9	1		
2478,4	-0,5		
2471,2	-7,2		
2479,9	8,7		
2478,9	-1		
2478,4	-0,5		
2482,3	3,9		
2480,3	-2		
2475	-5,3		
2485,2	10,2		
2478,4	-6,8		
2482,7	4,3		
2478,9	-3,8		
2486,6	7,7		
2482,3	-4,3		
2483,7	1,4		
2481,3	-2,4		
2484,7	3,4		
2484,2	-0,5		
2485,6	1,4		
2481,8	-3,8		
2481,8	0		
2485,6	3,8		
2484,7	-0,9		
2479,9	-4,8		
2487,6	7,7		
2486,1	-1,5		
2484,7	-1,4		
2482,7	-2		
2485,6	2,9		
2482,7	-2,9		
2486,1	3,4		
2482,7	-3,4		
2486,1	3,4		
2484,7	-1,4		
2482,7	-2		
2478,4	-4,3		
2487,6	9,2		
2483,7	-3,9		
2482,7	-1		
2485,6	2,9		
2482,7	-2,9		
2480,8	-1,9		
2484,7	3,9		
2480,3	-4,4		
2484,7	4,4		
2484,2	-0,5		
2485,2	1		
2481,8	-3,4		
2488	6,2		
2486,6	-1,4		
2480,8	-5,8		
2487,1	6,3		
2485,6	-1,5		
2490,9	5,3		
2486,1	-4,8		
2481,3	-4,8		
2485,2	3,9		
2489	3,8		
2487,1	-1,9		
2492,4	5,3		
2488,5	-3,9		
2493,3	4,8		
2490	-3,3		
2490,9	0,9		
2486,1	-4,8		
2486,1	0		
2489,5	3,4		
2495,7	6,2		
2491,9	-3,8		
2488,5	-3,4		
2491,4	2,9		
2491,4	0		
2487,6	-3,8		
2491,9	4,3		
2496,2	4,3		
2490	-6,2		
2493,3	3,3		
2492,8	-0,5		
2495,2	2,4		
2493,3	-1,9		
2489,5	-3,8		
2499,1	9,6		
2494,3	-4,8		
2497,6	3,3		
2494,3	-3,3		
2490	-4,3		
2494,3	4,3		
2495,2	0,9		
2492,4	-2,8		
2496,7	4,3		
2495,7	-1		
2491,4	-4,3		
2496,2	4,8		
2498,1	1,9		
2493,3	-4,8		
2500,5	7,2		
2498,1	-2,4		
2503,4	5,3		
2500	-3,4		
2500	0		
2501	1		
2494,8	-6,2		
2508,2	13,4		
2498,6	-9,6		
2505,3	6,7		
2499,6	-5,7		
2504,8	5,2		
2500	-4,8		
2504,8	4,8		
2507,7	2,9		
2504,4	-3,3		
2501	-3,4		
2507,7	6,7		
2505,3	-2,4		
2508,7	3,4		
2503,4	-5,3		
2508,7	5,3		
2503,4	-5,3		
2507,3	3,9		
2508,7	1,4		
2503,4	-5,3		
2509,2	5,8		
2505,3	-3,9		
2510,1	4,8		
2507,3	-2,8		
2511,1	3,8		
2512,5	1,4		
2512,1	-0,4		
2510,6	-1,5		
2514	3,4		
2510,6	-3,4		
2514	3,4		
2510,6	-3,4		
2514	3,4		
2510,1	-3,9		
2513	2,9		
2511,6	-1,4		
2511,1	-0,5		
2509,7	-1,4		
2511,6	1,9		
2511,6	0		
2508,7	-2,9		
2511,6	2,9		
2507,3	-4,3		
2512,1	4,8		
2508,7	-3,4		
2508,7	0		
2513	4,3		
2510,1	-2,9		
2509,2	-0,9		
2503,4	-5,8		
2506,8	3,4		
2514	7,2		
2510,6	-3,4		
2508,2	-2,4		
2506,3	-1,9		
2511,1	4,8		
2509,2	-1,9		
2505,3	-3,9		
2515,9	10,6		
2509,2	-6,7		
2504,8	-4,4		
2510,1	5,3		
2506,8	-3,3		
2513	6,2		
2512,1	-0,9		
2509,2	-2,9		
2507,3	-1,9		
2507,3	0		
2507,7	0,4		
2512,1	4,4		
2505,8	-6,3		
2510,1	4,3		
2503,9	-6,2		
2509,7	5,8		
2507,7	-2		
2505,8	-1,9		
2510,1	4,3		
2504,4	-5,7		
2512,1	7,7		
2505,3	-6,8		
2513,5	8,2		
2506,8	-6,7		
2503,4	-3,4		
2507,3	3,9		
2504,8	-2,5		
2500	-4,8		
2508,7	8,7		
2504,8	-3,9		
2502	-2,8		
2502,4	0,4		
2507,3	4,9		
2503,4	-3,9		
2508,2	4,8		
2503,4	-4,8		
2506,8	3,4		
2502,9	-3,9		
2505,3	2,4		
2501,5	-3,8		
2506,3	4,8		
2509,7	3,4		
2506,8	-2,9		
2501,5	-5,3		
2516,9	15,4		
2502,4	-14,5		
2513,5	11,1		
2506,3	-7,2		
2509,7	3,4		
2506,3	-3,4		
2514,5	8,2		
2505,3	-9,2		
2514	8,7		
2502	-12		
2520,2	18,2		
2508,2	-12		
2514,5	6,3		
2506,8	-7,7		
2514	7,2		
2508,2	-5,8		
2513	4,8		
2503,9	-9,1		
2510,1	6,2		
2515,9	5,8		
2512,5	-3,4		
2508,7	-3,8		
2519,3	10,6		
2510,6	-8,7		
2515,9	5,3		
2513	-2,9		
2509,2	-3,8		
2515,9	6,7		
2510,6	-5,3		
2516,4	5,8		
2510,1	-6,3		
2514	3,9		
2510,6	-3,4		
2515,4	4,8		
2508,2	-7,2		
2522,6	14,4		
2510,1	-12,5		
2516,4	6,3		
2509,7	-6,7		
2517,8	8,1		
2512,1	-5,7		
2518,3	6,2		
2518,3	0		
2510,6	-7,7		
2511,6	1		
2517,8	6,2		
2511,6	-6,2		
2517,8	6,2		
2513	-4,8		
2516,4	3,4		
2513	-3,4		
2518,3	5,3		
2515	-3,3		
2518,3	3,3		
2511,1	-7,2		
2521,2	10,1		
2517,4	-3,8		
2515	-2,4		
2520,2	5,2		
2517,8	-2,4		
2513,5	-4,3		
2520,2	6,7		
2516,4	-3,8		
2522,6	6,2		
2519,3	-3,3		
2518,3	-1		
2521,7	3,4		
2517,4	-4,3		
2521,2	3,8		
2517,8	-3,4		
2513,5	-4,3		
2520,7	7,2		
2514,5	-6,2		
2522,2	7,7		
2514	-8,2		
2522,6	8,6		
2513,5	-9,1		
2524,6	11,1		
2515	-9,6		
2522,6	7,6		
2514	-8,6		
2520,2	6,2		
2517,8	-2,4		
2517,8	0		
2508,7	-9,1		
2523,1	14,4		
2518,3	-4,8		
2512,5	-5,8		
2512,5	0		
2517,8	5,3		
2517,4	-0,4		
2520,2	2,8		
2519,8	-0,4		
2515,9	-3,9		
2523,1	7,2		
2519,8	-3,3		
2511,6	-8,2		
2511,6	0		
2521,7	10,1		
2520,7	-1		
2524,1	3,4		
2521,7	-2,4		
2514,5	-7,2		
2526	11,5		
2523,1	-2,9		
2518,8	-4,3		
2524,1	5,3		
2520,7	-3,4		
2521,2	0,5		
2522,2	1		
2521,7	-0,5		
2517,4	-4,3		
2525,5	8,1		
2517,8	-7,7		
2526	8,2		
2521,2	-4,8		
2524,6	3,4		
2523,6	-1		
2519,8	-3,8		
2525	5,2		
2519,3	-5,7		
2525,5	6,2		
2522,2	-3,3		
2526,5	4,3		
2522,2	-4,3		
2525,5	3,3		
2522,2	-3,3		
2535,1	12,9		
2525,5	-9,6		
2522,2	-3,3		
2528,9	6,7		
2520,7	-8,2		
2530,8	10,1		
2525	-5,8		
2528,4	3,4		
2524,6	-3,8		
2530,3	5,7		
2524,1	-6,2		
2529,4	5,3		
2520,7	-8,7		
2529,9	9,2		
2527,4	-2,5		
2520,7	-6,7		
2536,6	15,9		
2528,4	-8,2		
2525	-3,4		
2529,9	4,9		
2525,5	-4,4		
2531,8	6,3		
2525,5	-6,3		
2531,3	5,8		
2521,2	-10,1		
2539,9	18,7		
2528,4	-11,5		
2532,7	4,3		
2529,4	-3,3		
2529,4	0		
2534,2	4,8		
2530,3	-3,9		
2524,6	-5,7		
2531,8	7,2		
2527,9	-3,9		
2531,8	3,9		
2527	-4,8		
2533,2	6,2		
2529,4	-3,8		
2532,7	3,3		
2532,7	0		
2529,4	-3,3		
2530,8	1,4		
2530,3	-0,5		
2530,3	0		
2524,6	-5,7		
2532,7	8,1		
2532,3	-0,4		
2527,4	-4,9		
2534,2	6,8		
2533,7	-0,5		
2529,4	-4,3		
2526,5	-2,9		
2530,8	4,3		
2530,8	0		
2536,1	5,3		
2528,9	-7,2		
2530,8	1,9		
2527	-3,8		
2530,3	3,3		
2523,6	-6,7		
2527	3,4		
2536,6	9,6		
2533,7	-2,9		
2530,8	-2,9		
2535,6	4,8		
2531,8	-3,8		
2532,7	0,9		
2529,4	-3,3		
2533,7	4,3		
2529,9	-3,8		
2533,7	3,8		
2532,7	-1		
2531,3	-1,4		
2525,5	-5,8		
2539,9	14,4		
2532,3	-7,6		
2528,4	-3,9		
2537,1	8,7		
2533,2	-3,9		
2528,9	-4,3		
2531,8	2,9		
2538,5	6,7		
2529,9	-8,6		
2538	8,1		
2534,2	-3,8		
2534,7	0,5		
2537,5	2,8		
2537,1	-0,4		
2535,6	-1,5		
2534,2	-1,4		
2535,1	0,9		
2534,7	-0,4		
2532,7	-2		
2531,3	-1,4		
2530,3	-1		
2525,5	-4,8		
2532,7	7,2		
2531,8	-0,9		
2528,9	-2,9		
2527,9	-1		
2530,8	2,9		
2527,9	-2,9		
2528,9	1		
2524,1	-4,8		
2528,4	4,3		
2527,9	-0,5		
2522,6	-5,3		
2527	4,4		
2530,8	3,8		
2525	-5,8		
2529,9	4,9		
2525	-4,9		
2523,1	-1,9		
2525	1,9		
2522,2	-2,8		
2517,4	-4,8		
2526	8,6		
2521,7	-4,3		
2518,8	-2,9		
2525	6,2		
2523,1	-1,9		
2515	-8,1		
2528,4	13,4		
2523,1	-5,3		
2522,2	-0,9		
2522,2	0		
2513	-9,2		
2513	0		
2522,2	9,2		
2521,7	-0,5		
2518,3	-3,4		
2517,8	-0,5		
2524,1	6,3		
2523,6	-0,5		
2519,8	-3,8		
2525,5	5,7		
2516,4	-9,1		
2522,2	5,8		
2520,2	-2		
2521,2	1		
2515,9	-5,3		
2526,5	10,6		
2519,8	-6,7		
2517,8	-2		
2524,6	6,8		
2519,8	-4,8		
2519,8	0		
2518,3	-1,5		
2517,4	-0,9		
2513,5	-3,9		
2522,2	8,7		
2513,5	-8,7		
2523,6	10,1		
2516,4	-7,2		
2522,2	5,8		
2516,9	-5,3		
2520,7	3,8		
2516,9	-3,8		
2521,2	4,3		
2516,9	-4,3		
2527,4	10,5		
2517,4	-10		
2525,5	8,1		
2521,7	-3,8		
2523,1	1,4		
2522,6	-0,5		
2518,8	-3,8		
2518,3	-0,5		
2523,1	4,8		
2519,8	-3,3		
2521,2	1,4		
2526,5	5,3		
2522,2	-4,3		
2517,4	-4,8		
2528,9	11,5		
2525,5	-3,4		
2518,8	-6,7		
2529,9	11,1		
2523,6	-6,3		
2520,7	-2,9		
2527	6,3		
2523,1	-3,9		
2528,4	5,3		
2524,6	-3,8		
2529,9	5,3		
2526	-3,9		
2530,3	4,3		
2526	-4,3		
2529,4	3,4		
2525	-4,4		
2527,9	2,9		
2533,2	5,3		
2527	-6,2		
2531,8	4,8		
2527,4	-4,4		
2531,3	3,9		
2527	-4,3		
2533,2	6,2		
2529,9	-3,3		
2527	-2,9		
2533,7	6,7		
2529,4	-4,3		
2533,7	4,3		
2529,9	-3,8		
2533,2	3,3		
2529,9	-3,3		
2534,7	4,8		
2529,4	-5,3		
2536,6	7,2		
2534,2	-2,4		
2533,2	-1		
2530,3	-2,9		
2536,1	5,8		
2533,2	-2,9		
2533,7	0,5		
2533,2	-0,5		
2533,2	0		
2533,7	0,5		
2533,2	-0,5		
2532,7	-0,5		
2532,3	-0,4		
2532,7	0,4		
2529,4	-3,3		
2535,1	5,7		
2536,6	1,5		
2532,7	-3,9		
2539,9	7,2		
2536,1	-3,8		
2539,5	3,4		
2535,1	-4,4		
2539,9	4,8		
2536,6	-3,3		
2539,9	3,3		
2535,6	-4,3		
2539	3,4		
2542,8	3,8		
2539	-3,8		
2543,3	4,3		
2541,4	-1,9		
2544,7	3,3		
2542,8	-1,9		
2547,6	4,8		
2544,3	-3,3		
2547,6	3,3		
2544,3	-3,3		
2552	7,7		
2548,1	-3,9		
2548,6	0,5		
2549,5	0,9		
2552,9	3,4		
2549,5	-3,4		
2552,9	3,4		
2550	-2,9		
2552	2		
2555,8	3,8		
2554,4	-1,4		
2557,7	3,3		
2556,3	-1,4		
2559,6	3,3		
2556,8	-2,8		
2553,4	-3,4		
2556,8	3,4		
2558,2	1,4		
2561,1	2,9		
2561,1	0		
2564,9	3,8		
2561,6	-3,3		
2565,9	4,3		
2562,5	-3,4		
2565,4	2,9		
2562,5	-2,9		
2565,9	3,4		
2562	-3,9		
2567,8	5,8		
2563,5	-4,3		
2567,8	4,3		
2566,4	-1,4		
2563,5	-2,9		
2568,3	4,8		
2565,4	-2,9		
2570,2	4,8		
2568,8	-1,4		
2565,4	-3,4		
2569,3	3,9		
2569,3	0		
2572,6	3,3		
2574,1	1,5		
2570,2	-3,9		
2575	4,8		
2571,7	-3,3		
2575	3,3		
2578,4	3,4		
2577,4	-1		
2577,4	0		
2578,9	1,5		
2578,9	0		
2583,2	4,3		
2586,6	3,4		
2583,2	-3,4		
2583,2	0		
2586,6	3,4		
2587,5	0,9		
2588	0,5		
2591,4	3,4		
2588	-3,4		
2591,9	3,9		
2591,9	0		
2592,3	0,4		
2590,4	-1,9		
2590,4	0		
2591,9	1,5		
2595,7	3,8		
2591,4	-4,3		
2593,8	2,4		
2592,3	-1,5		
2597,6	5,3		
2594,7	-2,9		
2595,7	1		
2597,6	1,9		
2597,6	0		
2598,6	1		
2598,1	-0,5		
2601	2,9		
2601	0		
2605,3	4,3		
2601,5	-3,8		
2602,4	0,9		
2602,4	0		
2604,8	2,4		
2606,7	1,9		
2609,6	2,9		
2606,7	-2,9		
2610,1	3,4		
2611,6	1,5		
2612,5	0,9		
2614	1,5		
2615,9	1,9		
2619,2	3,3		
2618,8	-0,4		
2619,2	0,4		
2619,7	0,5		
2620,7	1		
2625	4,3		
2622,1	-2,9		
2627,4	5,3		
2624,5	-2,9		
2625	0,5		
2625	0		
2626	1		
2628,4	2,4		
2629,3	0,9		
2628,9	-0,4		
2629,3	0,4		
2629,8	0,5		
2626,5	-3,3		
2631,8	5,3		
2628,4	-3,4		
2627,9	-0,5		
2627,9	0		
2627,9	0		
2626	-1,9		
2624,1	-1,9		
2624,1	0		
2621,2	-2,9		
2619,2	-2		
2620,7	1,5		
2619,7	-1		
2620,7	1		
2619,7	-1		
2620,2	0,5		
2619,2	-1		
2617,8	-1,4		
2614,9	-2,9		
2614	-0,9		
2613	-1		
2613,5	0,5		
2614,4	0,9		
2615,9	1,5		
2616,8	0,9		
2617,3	0,5		
2617,8	0,5		
2618,8	1		
2617,8	-1		
2619,2	1,4		
2616,4	-2,8		
2616,4	0		
2612,5	-3,9		
2615,4	2,9		
2614,9	-0,5		
2613	-1,9		
2612,5	-0,5		
2611,1	-1,4		
2610,1	-1		
2607,2	-2,9		
2608,7	1,5		
2605,8	-2,9		
2605,8	0		
2605,8	0		
2604,8	-1		
2605,3	0,5		
2606,3	1		
2605,3	-1		
2604,3	-1		
2604,8	0,5		
2605,3	0,5		
2605,3	0		
2604,3	-1		
2603,9	-0,4		
2604,3	0,4		
2605,3	1		
2605,8	0,5		
2604,8	-1		
2604,3	-0,5		
2604,3	0		
2602,9	-1,4		
2601,5	-1,4		
2600	-1,5		
2599,1	-0,9		
2600	0,9		
2600	0		
2600,5	0,5		
2601	0,5		
2602,9	1,9		
2601,9	-1		
2602,9	1		
2603,9	1		
2606,3	2,4		
2608,2	1,9		
2604,3	-3,9		
2604,3	0		
2604,8	0,5		
2604,8	0		
2603,9	-0,9		
2605,8	1,9		
2605,3	-0,5		
2607,7	2,4		
2610,1	2,4		
2610,1	0		
2611,1	1		
2610,1	-1		
2612,5	2,4		
2614	1,5		
2615,4	1,4		
2614	-1,4		
2615,4	1,4		
2618,8	3,4		
2618,3	-0,5		
2618,3	0		
2621,6	3,3		
2617,3	-4,3		
2624,5	7,2		
2621,2	-3,3		
2624,5	3,3		
2625	0,5		
2623,1	-1,9		
2625	1,9		
2626	1		
2627,9	1,9		
2628,4	0,5		
2631,3	2,9		
2631,3	0		
2632,7	1,4		
2636,1	3,4		
2632,7	-3,4		
2636,6	3,9		
2637,5	0,9		
2637,5	0		
2637	-0,5		
2640,9	3,9		
2638,5	-2,4		
2642,3	3,8		
2639	-3,3		
2643,8	4,8		
2642,8	-1		
2645,7	2,9		
2646,2	0,5		
2649,5	3,3		
2646,7	-2,8		
2650	3,3		
2646,7	-3,3		
2650	3,3		
2650	0		
2651	1		
2650,5	-0,5		
2650	-0,5		
2651	1		
2651,5	0,5		
2651,9	0,4		
2651	-0,9		
2651,5	0,5		
2651,5	0		
2650,5	-1		
2651	0,5		
2651	0		
2650,5	-0,5		
2651	0,5		
2650	-1		
2651,5	1,5		
2651	-0,5		
2651,5	0,5		
2650,5	-1		
2651	0,5		
2651	0		
2651	0		
2651,5	0,5		
2651	-0,5		
2651,5	0,5		
2651,5	0		
2651,5	0		
2651,5	0		
2651	-0,5		
2651	0		
2651,5	0,5		
2650,5	-1		
2651,5	1		
2651	-0,5		
2652,4	1,4		
2652,9	0,5		
2652,4	-0,5		
2653,4	1		
2656,3	2,9		
2652,9	-3,4		
2656,3	3,4		
2656,7	0,4		
2655,3	-1,4		
2656,3	1		
2659,1	2,8		
2661,1	2		
2661,5	0,4		
2663	1,5		
2663,9	0,9		
2663,5	-0,4		
2665,9	2,4		
2665,9	0		
2664,4	-1,5		
2665,9	1,5		
2667,3	1,4		
2668,8	1,5		
2669,7	0,9		
2669,2	-0,5		
2672,6	3,4		
2672,6	0		
2676	3,4		
2674,5	-1,5		
2674,5	0		
2678,8	4,3		
2676,9	-1,9		
2680,3	3,4		
2676,4	-3,9		
2680,8	4,4		
2680,8	0		
2681,2	0,4		
2680,8	-0,4		
2681,2	0,4		
2680,8	-0,4		
2680,3	-0,5		
2679,8	-0,5		
2680,8	1		
2680,3	-0,5		
2681,2	0,9		
2680,3	-0,9		
2680,8	0,5		
2676,9	-3,9		
2682,7	5,8		
2680,8	-1,9		
2681,7	0,9		
2683,2	1,5		
2686,5	3,3		
2686,1	-0,4		
2686,1	0		
2687	0,9		
2688,5	1,5		
2688,9	0,4		
2689,9	1		
2690,9	1		
2689,4	-1,5		
2690,9	1,5		
2687,5	-3,4		
2691,8	4,3		
2688	-3,8		
2691,4	3,4		
2690,4	-1		
2691,8	1,4		
2688	-3,8		
2691,8	3,8		
2688,9	-2,9		
2691,8	2,9		
2688,5	-3,3		
2692,3	3,8		
2688,5	-3,8		
2685,1	-3,4		
2685,6	0,5		
2686,1	0,5		
2686,1	0		
2684,6	-1,5		
2685,1	0,5		
2680,3	-4,8		
2688,5	8,2		
2685,1	-3,4		
2684,1	-1		
2683,7	-0,4		
2679,8	-3,9		
2684,1	4,3		
2681,2	-2,9		
2685,1	3,9		
2684,1	-1		
2683,7	-0,4		
2679,8	-3,9		
2685,6	5,8		
2682,2	-3,4		
2683,7	1,5		
2686,5	2,8		
2686,5	0		
2689,9	3,4		
2688	-1,9		
2688	0		
2684,6	-3,4		
2692,3	7,7		
2689,4	-2,9		
2689,9	0,5		
2690,4	0,5		
2693,8	3,4		
2690,4	-3,4		
2695,2	4,8		
2691,8	-3,4		
2695,2	3,4		
2700	4,8		
2694,2	-5,8		
2698,6	4,4		
2698,1	-0,5		
2701,4	3,3		
2702,9	1,5		
2699	-3,9		
2703,9	4,9		
2701	-2,9		
2702,4	1,4		
2703,9	1,5		
2704,8	0,9		
2705,3	0,5		
2703,9	-1,4		
2703,9	0		
2707,2	3,3		
2707,2	0		
2710,6	3,4		
2707,2	-3,4		
2708,2	1		
2712	3,8		
2710,1	-1,9		
2707,7	-2,4		
2710,6	2,9		
2709,1	-1,5		
2710,6	1,5		
2714,9	4,3		
2711,5	-3,4		
2716,3	4,8		
2712	-4,3		
2714,9	2,9		
2719,2	4,3		
2715,9	-3,3		
2720,2	4,3		
2720,2	0		
2720,2	0		
2723,5	3,3		
2724	0,5		
2724	0		
2723,5	-0,5		
2726,9	3,4		
2724,5	-2,4		
2724	-0,5		
2727,4	3,4		
2725,5	-1,9		
2726,9	1,4		
2726,9	0		
2725,5	-1,4		
2725,5	0		
2724,5	-1		
2726,4	1,9		
2728,4	2		
2726,4	-2		
2726	-0,4		
2729,8	3,8		
2726	-3,8		
2729,8	3,8		
2730,8	1		
2729,3	-1,5		
2732,2	2,9		
2732,2	0		
2735,6	3,4		
2735,1	-0,5		
2733,6	-1,5		
2736,5	2,9		
2738,5	2		
2741,3	2,8		
2738,5	-2,8		
2742,3	3,8		
2742,8	0,5		
2743,3	0,5		
2742,3	-1		
2746,6	4,3		
2746,6	0		
2745,2	-1,4		
2748,6	3,4		
2749,5	0,9		
2749	-0,5		
2751,9	2,9		
2751	-0,9		
2753,4	2,4		
2755,8	2,4		
2755,3	-0,5		
2759,6	4,3		
2754,8	-4,8		
2758,2	3,4		
2757,7	-0,5		
2758,2	0,5		
2758,6	0,4		
2761,5	2,9		
2761	-0,5		
2764,9	3,9		
2761	-3,9		
2764,9	3,9		
2764,9	0		
2765,8	0,9		
2764,4	-1,4		
2767,8	3,4		
2771,6	3,8		
2767,8	-3,8		
2771,1	3,3		
2767,8	-3,3		
2767,8	0		
2771,1	3,3		
2771,1	0		
2769,7	-1,4		
2773,1	3,4		
2771,1	-2		
2776,4	5,3		
2772,6	-3,8		
2778,8	6,2		
2775,5	-3,3		
2776,4	0,9		
2775,5	-0,9		
2779,3	3,8		
2775,5	-3,8		
2778,8	3,3		
2778,3	-0,5		
2778,8	0,5		
2778,8	0		
2782,2	3,4		
2779,8	-2,4		
2781,2	1,4		
2776,9	-4,3		
2785,6	8,7		
2781,2	-4,4		
2782,7	1,5		
2783,1	0,4		
2786,5	3,4		
2790,4	3,9		
2787	-3,4		
2787	0		
2790,4	3,4		
2792,8	2,4		
2791,3	-1,5		
2794,7	3,4		
2791,8	-2,9		
2795,7	3,9		
2795,2	-0,5		
2799	3,8		
2799	0		
2798,5	-0,5		
2796,6	-1,9		
2800,9	4,3		
2797,6	-3,3		
2798,5	0,9		
2800,9	2,4		
2799,5	-1,4		
2803,8	4,3		
2803,3	-0,5		
2804,8	1,5		
2804,3	-0,5		
2807,7	3,4		
2805,8	-1,9		
2809,1	3,3		
2808,6	-0,5		
2810,6	2		
2810,1	-0,5		
2812	1,9		
2808,6	-3,4		
2815,4	6,8		
2811,5	-3,9		
2814,9	3,4		
2811	-3,9		
2815,8	4,8		
2811,5	-4,3		
2815,4	3,9		
2818,7	3,3		
2817,3	-1,4		
2818,7	1,4		
2821,1	2,4		
2822,1	1		
2820,6	-1,5		
2823	2,4		
2819,7	-3,3		
2823	3,3		
2826,4	3,4		
2822,6	-3,8		
2825,9	3,3		
2827,8	1,9		
2831,2	3,4		
2828,8	-2,4		
2830,3	1,5		
2826,4	-3,9		
2830,3	3,9		
2831,2	0,9		
2830,7	-0,5		
2834,6	3,9		
2830,3	-4,3		
2835,5	5,2		
2831,7	-3,8		
2835,1	3,4		
2831,2	-3,9		
2834,6	3,4		
2833,1	-1,5		
2834,1	1		
2835,1	1		
2837	1,9		
2837,5	0,5		
2838,9	1,4		
2840,3	1,4		
2838,4	-1,9		
2843,7	5,3		
2839,9	-3,8		
2839,9	0		
2841,3	1,4		
2844,7	3,4		
2843,2	-1,5		
2848	4,8		
2845,2	-2,8		
2848	2,8		
2841,8	-6,2		
2852,9	11,1		
2846,6	-6,3		
2849,5	2,9		
2846,1	-3,4		
2850,5	4,4		
2849	-1,5		
2850,9	1,9		
2854,3	3,4		
2850,5	-3,8		
2851,4	0,9		
2854,3	2,9		
2852,9	-1,4		
2852,4	-0,5		
2853,8	1,4		
2856,2	2,4		
2854,8	-1,4		
2855,7	0,9		
2857,7	2		
2857,2	-0,5		
2856,7	-0,5		
2853,8	-2,9		
2860,5	6,7		
2856,2	-4,3		
2859,6	3,4		
2860,5	0,9		
2864,9	4,4		
2860,1	-4,8		
2862,9	2,8		
2862,9	0		
2866,8	3,9		
2866,8	0		
2863,4	-3,4		
2870,6	7,2		
2866,8	-3,8		
2868,2	1,4		
2869,2	1		
2868,2	-1		
2867,3	-0,9		
2867,8	0,5		
2868,2	0,4		
2868,7	0,5		
2869,2	0,5		
2869,2	0		
2868,2	-1		
2869,7	1,5		
2868,2	-1,5		
2869,7	1,5		
2869,7	0		
2869,7	0		
2870,6	0,9		
2870,2	-0,4		
2869,7	-0,5		
2869,2	-0,5		
2870,6	1,4		
2870,2	-0,4		
2871,1	0,9		
2869,2	-1,9		
2870,2	1		
2870,6	0,4		
2871,1	0,5		
2871,6	0,5		
2870,6	-1		
2870,6	0		
2871,1	0,5		
2870,2	-0,9		
2870,6	0,4		
2870,6	0		
2869,2	-1,4		
2868,7	-0,5		
2870,2	1,5		
2871,6	1,4		
2870,2	-1,4		
2870,6	0,4		
2869,7	-0,9		
2870,6	0,9		
2870,2	-0,4		
2871,1	0,9		
2870,2	-0,9		
2872,1	1,9		
2870,6	-1,5		
2871,1	0,5		
2871,1	0		
2871,1	0		
2872,6	1,5		
2871,1	-1,5		
2871,6	0,5		
2870,2	-1,4		
2872,1	1,9		
2870,6	-1,5		
2871,1	0,5		
2871,1	0		
2870,6	-0,5		
2872,6	2		
2871,1	-1,5		
2870,6	-0,5		
2870,6	0		
2866,8	-3,8		
2870,2	3,4		
2866,8	-3,4		
2869,7	2,9		
2869,7	0		
2866,3	-3,4		
2865,8	-0,5		
2862,5	-3,3		
2862,5	0		
2860,5	-2		
2860,5	0		
2858,6	-1,9		
2855,3	-3,3		
2864,9	9,6		
2858,1	-6,8		
2857,2	-0,9		
2856,7	-0,5		
2853,3	-3,4		
2853,8	0,5		
2850,5	-3,3		
2850	-0,5		
2847,1	-2,9		
2848	0,9		
2847,6	-0,4		
2846,1	-1,5		
2843,2	-2,9		
2847,6	4,4		
2843,7	-3,9		
2843,7	0		
2840,8	-2,9		
2839,4	-1,4		
2837,9	-1,5		
2837,9	0		
2833,6	-4,3		
2837,5	3,9		
2834,1	-3,4		
2837,9	3,8		
2834,6	-3,3		
2834,6	0		
2835,5	0,9		
2835,5	0		
2835,1	-0,4		
2833,1	-2		
2835,1	2		
2835,5	0,4		
2833,1	-2,4		
2831,7	-1,4		
2834,6	2,9		
2833,1	-1,5		
2832,7	-0,4		
2831,7	-1		
2830,3	-1,4		
2826,9	-3,4		
2827,4	0,5		
2824	-3,4		
2823,5	-0,5		
2828,3	4,8		
2825,4	-2,9		
2824,5	-0,9		
2821,1	-3,4		
2821,6	0,5		
2820,2	-1,4		
2816,3	-3,9		
2821,6	5,3		
2818,2	-3,4		
2817,3	-0,9		
2813,9	-3,4		
2813	-0,9		
2809,6	-3,4		
2811	1,4		
2812	1		
2809,6	-2,4		
2808,6	-1		
2810,1	1,5		
2808,6	-1,5		
2804,3	-4,3		
2808,6	4,3		
2808,6	0		
2805,3	-3,3		
2804,3	-1		
2802,4	-1,9		
2803,8	1,4		
2800	-3,8		
2803,8	3,8		
2800,5	-3,3		
2803,3	2,8		
2800,9	-2,4		
2796,6	-4,3		
2801,9	5,3		
2798,1	-3,8		
2802,4	4,3		
2799	-3,4		
2796,1	-2,9		
2795,7	-0,4		
2795,7	0		
2792,3	-3,4		
2795,2	2,9		
2792,8	-2,4		
2790,8	-2		
2789,4	-1,4		
2788,4	-1		
2788,4	0		
2788	-0,4		
2785,1	-2,9		
2787,5	2,4		
2785,1	-2,4		
2784,6	-0,5		
2783,1	-1,5		
2783,6	0,5		
2781,2	-2,4		
2780,3	-0,9		
2779,3	-1		
2777,4	-1,9		
2778,8	1,4		
2775,9	-2,9		
2775,9	0		
2775	-0,9		
2774,5	-0,5		
2773,1	-1,4		
2772,1	-1		
2772,1	0		
2773,1	1		
2768,2	-4,9		
2770,2	2		
2768,7	-1,5		
2768,2	-0,5		
2764,9	-3,3		
2765,4	0,5		
2765,8	0,4		
2764,4	-1,4		
2764,4	0		
2761,5	-2,9		
2763	1,5		
2759,6	-3,4		
2761,5	1,9		
2764,9	3,4		
2761,5	-3,4		
2758,2	-3,3		
2759,6	1,4		
2763,4	3,8		
2760,1	-3,3		
2760,1	0		
2757,2	-2,9		
2760,1	2,9		
2756,7	-3,4		
2756,7	0		
2757,2	0,5		
2755,3	-1,9		
2753,8	-1,5		
2752,9	-0,9		
2751,9	-1		
2751	-0,9		
2747,6	-3,4		
2749,5	1,9		
2745,7	-3,8		
2750	4,3		
2748,1	-1,9		
2747,1	-1		
2743,7	-3,4		
2740,9	-2,8		
2739,4	-1,5		
2742,8	3,4		
2740,9	-1,9		
2738,9	-2		
2738,5	-0,4		
2737	-1,5		
2736	-1		
2735,1	-0,9		
2732,2	-2,9		
2731,2	-1		
2730,8	-0,4		
2728,8	-2		
2730,8	2		
2729,3	-1,5		
2728,4	-0,9		
2725,5	-2,9		
2726	0,5		
2726	0		
2725,5	-0,5		
2726	0,5		
2722,6	-3,4		
2721,1	-1,5		
2717,8	-3,3		
2721,6	3,8		
2717,8	-3,8		
2720,7	2,9		
2716,8	-3,9		
2721,1	4,3		
2716,8	-4,3		
2720,2	3,4		
2715,9	-4,3		
2719,2	3,3		
2719,2	0		
2715,4	-3,8		
2713,5	-1,9		
2711,1	-2,4		
2708,7	-2,4		
2708,7	0		
2708,7	0		
2704,8	-3,9		
2708,2	3,4		
2704,8	-3,4		
2703,9	-0,9		
2702,4	-1,5		
2699	-3,4		
2698,6	-0,4		
2698,6	0		
2696,6	-2		
2693,3	-3,3		
2696,6	3,3		
2695,2	-1,4		
2690,9	-4,3		
2694,7	3,8		
2691,4	-3,3		
2695,2	3,8		
2691,4	-3,8		
2691,8	0,4		
2688,5	-3,3		
2688,5	0		
2687,5	-1		
2686,1	-1,4		
2682,2	-3,9		
2687,5	5,3		
2684,1	-3,4		
2680,8	-3,3		
2686,1	5,3		
2682,2	-3,9		
2686,1	3,9		
2686,1	0		
2685,6	-0,5		
2685,6	0		
2686,1	0,5		
2684,6	-1,5		
2684,1	-0,5		
2686,5	2,4		
2684,6	-1,9		
2683,7	-0,9		
2685,1	1,4		
2684,6	-0,5		
2683,2	-1,4		
2686,1	2,9		
2685,1	-1		
2686,1	1		
2688,9	2,8		
2686,1	-2,8		
2688	1,9		
2685,1	-2,9		
2687,5	2,4		
2686,1	-1,4		
2686,5	0,4		
2684,1	-2,4		
2688,9	4,8		
2687	-1,9		
2690,9	3,9		
2690,9	0		
2688	-2,9		
2688,9	0,9		
2687	-1,9		
2691,4	4,4		
2690,9	-0,5		
2692,8	1,9		
2690,9	-1,9		
2688,9	-2		
2692,8	3,9		
2691,4	-1,4		
2691,8	0,4		
2690,4	-1,4		
2686,5	-3,9		
2690,4	3,9		
2687	-3,4		
2687	0		
2686,1	-0,9		
2686,1	0		
2686,1	0		
2684,1	-2		
2680,3	-3,8		
2683,7	3,4		
2687,5	3,8		
2683,7	-3,8		
2682,2	-1,5		
2685,1	2,9		
2683,7	-1,4		
2681,7	-2		
2680,8	-0,9		
2682,7	1,9		
2679,3	-3,4		
2684,1	4,8		
2680,8	-3,3		
2677,9	-2,9		
2684,1	6,2		
2680,8	-3,3		
2679,8	-1		
2681,2	1,4		
2680,8	-0,4		
2681,7	0,9		
2680,3	-1,4		
2683,7	3,4		
2680,3	-3,4		
2678,8	-1,5		
2679,8	1		
2675,5	-4,3		
2681,2	5,7		
2677,9	-3,3		
2673,1	-4,8		
2677,9	4,8		
2676	-1,9		
2676,9	0,9		
2676	-0,9		
2675	-1		
2676,4	1,4		
2672,6	-3,8		
2672,1	-0,5		
2671,6	-0,5		
2668,3	-3,3		
2674	5,7		
2670,7	-3,3		
2671,6	0,9		
2668,3	-3,3		
2671,6	3,3		
2668,3	-3,3		
2667,8	-0,5		
2667,3	-0,5		
2664,4	-2,9		
2669,2	4,8		
2665,9	-3,3		
2662,5	-3,4		
2665,9	3,4		
2664,4	-1,5		
2662,5	-1,9		
2659,6	-2,9		
2656,7	-2,9		
2660,1	3,4		
2658,7	-1,4		
2658,2	-0,5		
2658,2	0		
2658,2	0		
2656,7	-1,5		
2659,6	2,9		
2655,8	-3,8		
2656,3	0,5		
2654,8	-1,5		
2656,3	1,5		
2652,9	-3,4		
2654,3	1,4		
2651	-3,3		
2651	0		
2652,4	1,4		
2649,1	-3,3		
2652,4	3,3		
2649,1	-3,3		
2643,8	-5,3		
2648,6	4,8		
2646,7	-1,9		
2645,7	-1		
2645,2	-0,5		
2644,7	-0,5		
2644,2	-0,5		
2644,7	0,5		
2644,2	-0,5		
2643,3	-0,9		
2636,6	-6,7		
2641,8	5,2		
2640,4	-1,4		
2640,9	0,5		
2640,4	-0,5		
2637,5	-2,9		
2639	1,5		
2638,5	-0,5		
2636,1	-2,4		
2641,8	5,7		
2638,5	-3,3		
2637,5	-1		
2636,1	-1,4		
2631,8	-4,3		
2633,7	1,9		
2638,5	4,8		
2627,4	-11,1		
2635,6	8,2		
2631,8	-3,8		
2635,6	3,8		
2630,8	-4,8		
2631,3	0,5		
2625	-6,3		
2634,2	9,2		
2639	4,8		
2631,3	-7,7		
2618,8	-12,5		
2636,6	17,8		
2636,1	-0,5		
2627,4	-8,7		
2631,3	3,9		
2627,9	-3,4		
2613,5	-14,4		
2635,6	22,1		
2632,7	-2,9		
2627,9	-4,8		
2627,9	0		
2623,6	-4,3		
2629,3	5,7		
2626,5	-2,8		
2628,9	2,4		
2627,9	-1		
2628,9	1		
2624,5	-4,4		
2630,3	5,8		
2626,9	-3,4		
2621,6	-5,3		
2629,8	8,2		
2626	-3,8		
2623,1	-2,9		
2622,1	-1		
2619,7	-2,4		
2617,3	-2,4		
2614,9	-2,4		
2614	-0,9		
2612,5	-1,5		
2606,3	-6,2		
2617,3	11		
2611,6	-5,7		
2607,2	-4,4		
2614,9	7,7		
2611,6	-3,3		
2610,6	-1		
2608,7	-1,9		
2608,7	0		
2609,6	0,9		
2606,3	-3,3		
2611,6	5,3		
2608,2	-3,4		
2606,7	-1,5		
2602,9	-3,8		
2606,7	3,8		
2603,4	-3,3		
2604,3	0,9		
2604,3	0		
2603,9	-0,4		
2603,9	0		
2603,9	0		
2603,9	0		
2603,9	0		
2600	-3,9		
2607,2	7,2		
2603,4	-3,8		
2607,2	3,8		
2600,5	-6,7		
2612	11,5		
2603,9	-8,1		
2607,7	3,8		
2604,8	-2,9		
2609,2	4,4		
2608,7	-0,5		
2608,7	0		
2604,3	-4,4		
2615,9	11,6		
2608,7	-7,2		
2604,3	-4,4		
2610,6	6,3		
2606,7	-3,9		
2610,1	3,4		
2606,7	-3,4		
2611,1	4,4		
2607,2	-3,9		
2614	6,8		
2609,6	-4,4		
2614,4	4,8		
2606,3	-8,1		
2615,9	9,6		
2612	-3,9		
2613	1		
2609,6	-3,4		
2611,1	1,5		
2612	0,9		
2607,2	-4,8		
2612	4,8		
2612	0		
2606,7	-5,3		
2615,4	8,7		
2607,7	-7,7		
2614,9	7,2		
2614,9	0		
2610,6	-4,3		
2609,6	-1		
2606,3	-3,3		
2609,6	3,3		
2606,3	-3,3		
2606,7	0,4		
2610,6	3,9		
2605,8	-4,8		
2609,6	3,8		
2605,3	-4,3		
2609,6	4,3		
2606,3	-3,3		
2610,6	4,3		
2606,3	-4,3		
2602,9	-3,4		
2610,6	7,7		
2606,7	-3,9		
2600	-6,7		
2610,1	10,1		
2603,9	-6,2		
2600,5	-3,4		
2608,2	7,7		
2601,5	-6,7		
2598,1	-3,4		
2604,3	6,2		
2598,6	-5,7		
2602,4	3,8		
2601	-1,4		
2599,5	-1,5		
2599,1	-0,4		
2598,6	-0,5		
2597,1	-1,5		
2598,6	1,5		
2597,1	-1,5		
2593,3	-3,8		
2597,6	4,3		
2594,3	-3,3		
2593,8	-0,5		
2588	-5,8		
2598,1	10,1		
2593,8	-4,3		
2593,8	0		
2590,4	-3,4		
2594,3	3,9		
2590,4	-3,9		
2590,4	0		
2593,8	3,4		
2593,3	-0,5		
2592,8	-0,5		
2593,3	0,5		
2587	-6,3		
2593,3	6,3		
2589,9	-3,4		
2589,9	0		
2595,2	5,3		
2592,8	-2,4		
2592,3	-0,5		
2591,4	-0,9		
2588,5	-2,9		
2595,2	6,7		
2593,3	-1,9		
2590,9	-2,4		
2587,5	-3,4		
2593,8	6,3		
2589,9	-3,9		
2589	-0,9		
2589,5	0,5		
2589,9	0,4		
2589	-0,9		
2589	0		
2590,9	1,9		
2586,6	-4,3		
2593,8	7,2		
2590,4	-3,4		
2589,9	-0,5		
2590,4	0,5		
2590,4	0		
2590,4	0		
2589,5	-0,9		
2592,3	2,8		
2589	-3,3		
2588	-1		
2588,5	0,5		
2585,1	-3,4		
2588	2,9		
2585,1	-2,9		
2581,8	-3,3		
2585,1	3,3		
2581,8	-3,3		
2579,8	-2		
2580,8	1		
2576,5	-4,3		
2582,7	6,2		
2578,4	-4,3		
2578,4	0		
2577,9	-0,5		
2575	-2,9		
2575,5	0,5		
2577	1,5		
2576	-1		
2575	-1		
2574,6	-0,4		
2571,7	-2,9		
2576	4,3		
2572,1	-3,9		
2573,6	1,5		
2573,1	-0,5		
2573,6	0,5		
2574,1	0,5		
2571,2	-2,9		
2570,7	-0,5		
2569,7	-1		
2570,7	1		
2569,3	-1,4		
2568,8	-0,5		
2567,8	-1		
2568,8	1		
2570,7	1,9		
2569,7	-1		
2566,9	-2,8		
2569,7	2,8		
2565,9	-3,8		
2563,5	-2,4		
2564,4	0,9		
2560,1	-4,3		
2564,4	4,3		
2561,1	-3,3		
2560,6	-0,5		
2557,2	-3,4		
2561,1	3,9		
2556,8	-4,3		
2554,8	-2		
2552,9	-1,9		
2553,4	0,5		
2553,9	0,5		
2553,9	0		
2553,4	-0,5		
2554,4	1		
2553,9	-0,5		
2550,5	-3,4		
2554,4	3,9		
2551,5	-2,9		
2552	0,5		
2551	-1		
2551	0		
2549,5	-1,5		
2550	0,5		
2550	0		
2548,1	-1,9		
2548,6	0,5		
2548,1	-0,5		
2543,8	-4,3		
2552	8,2		
2547,1	-4,9		
2547,6	0,5		
2547,1	-0,5		
2543,8	-3,3		
2551	7,2		
2547,6	-3,4		
2546,7	-0,9		
2543,3	-3,4		
2548,6	5,3		
2546,2	-2,4		
2543,3	-2,9		
2544,7	1,4		
2543,8	-0,9		
2544,3	0,5		
2543,3	-1		
2539,9	-3,4		
2542,3	2,4		
2537,5	-4,8		
2543,8	6,3		
2539,9	-3,9		
2539,9	0		
2538,5	-1,4		
2541,9	3,4		
2540,4	-1,5		
2537,1	-3,3		
2536,6	-0,5		
2537,5	0,9		
2533,7	-3,8		
2537,1	3,4		
2532,3	-4,8		
2539	6,7		
2534,7	-4,3		
2534,7	0		
2534,2	-0,5		
2534,2	0		
2533,2	-1		
2534,7	1,5		
2534,2	-0,5		
2534,2	0		
2533,7	-0,5		
2534,2	0,5		
2534,2	0		
2533,7	-0,5		
2537,5	3,8		
2531,8	-5,7		
2537,5	5,7		
2534,2	-3,3		
2533,2	-1		
2533,2	0		
2532,3	-0,9		
2530,3	-2		
2527,9	-2,4		
2531,3	3,4		
2526,5	-4,8		
2525,5	-1		
2529,4	3,9		
2526	-3,4		
2524,6	-1,4		
2522,2	-2,4		
2520,2	-2		
2517,4	-2,8		
2520,2	2,8		
2517,8	-2,4		
2518,3	0,5		
2517,8	-0,5		
2518,3	0,5		
2517,8	-0,5		
2520,2	2,4		
2515	-5,2		
2528,4	13,4		
2521,7	-6,7		
2522,2	0,5		
2525,5	3,3		
2525	-0,5		
2521,7	-3,3		
2527,9	6,2		
2525	-2,9		
2528,4	3,4		
2527,4	-1		
2528,9	1,5		
2528,9	0		
2525	-3,9		
2531,3	6,3		
2527,4	-3,9		
2530,8	3,4		
2530,8	0		
2532,3	1,5		
2536,6	4,3		
2536,6	0		
2539,9	3,3		
2536,6	-3,3		
2540,9	4,3		
2541,9	1		
2542,3	0,4		
2543,8	1,5		
2542,8	-1		
2542,8	0		
2542,3	-0,5		
2543,3	1		
2541,9	-1,4		
2545,2	3,3		
2541,9	-3,3		
2541,9	0		
2540,4	-1,5		
2541,4	1		
2538	-3,4		
2535,1	-2,9		
2532,3	-2,8		
2535,6	3,3		
2533,2	-2,4		
2536,6	3,4		
2533,2	-3,4		
2529,9	-3,3		
2528,4	-1,5		
2524,6	-3,8		
2524,6	0		
2525	0,4		
2520,2	-4,8		
2527	6,8		
2524,1	-2,9		
2520,7	-3,4		
2519,3	-1,4		
2518,3	-1		
2518,8	0,5		
2513	-5,8		
2521,7	8,7		
2515,9	-5,8		
2515	-0,9		
2510,6	-4,4		
2516,4	5,8		
2511,1	-5,3		
2512,5	1,4		
2509,2	-3,3		
2512,5	3,3		
2508,7	-3,8		
2509,2	0,5		
2507,7	-1,5		
2507,7	0		
2504,4	-3,3		
2509,2	4,8		
2502	-7,2		
2506,3	4,3		
2503,4	-2,9		
2502,4	-1		
2499,1	-3,3		
2502	2,9		
2499,1	-2,9		
2497,6	-1,5		
2494,3	-3,3		
2496,7	2,4		
2495,7	-1		
2495,2	-0,5		
2494,8	-0,4		
2493,8	-1		
2490,4	-3,4		
2490,9	0,5		
2490,9	0		
2485,6	-5,3		
2486,6	1		
2492,4	5,8		
2487,6	-4,8		
2486,1	-1,5		
2481,8	-4,3		
2487,6	5,8		
2482,7	-4,9		
2486,1	3,4		
2484,7	-1,4		
2485,6	0,9		
2484,2	-1,4		
2484,2	0		
2485,2	1		
2481,3	-3,9		
2485,2	3,9		
2484,7	-0,5		
2481,3	-3,4		
2483,2	1,9		
2479,9	-3,3		
2485,2	5,3		
2481,3	-3,9		
2478,4	-2,9		
2482,7	4,3		
2480,3	-2,4		
2480,3	0		
2477,4	-2,9		
2476,5	-0,9		
2477	0,5		
2473,6	-3,4		
2470,7	-2,9		
2469,8	-0,9		
2467,4	-2,4		
2464,5	-2,9		
2468,8	4,3		
2463,5	-5,3		
2467,4	3,9		
2463,5	-3,9		
2464,5	1		
2464	-0,5		
2464	0		
2464	0		
2462,1	-1,9		
2459,7	-2,4		
2456,8	-2,9		
2455,8	-1		
2455,3	-0,5		
2455,3	0		
2455,3	0		
2455,3	0		
2455,8	0,5		
2455,3	-0,5		
2454,9	-0,4		
2455,8	0,9		
2455,3	-0,5		
2456,3	1		
2454,9	-1,4		
2455,3	0,4		
2454,4	-0,9		
2457,8	3,4		
2454,9	-2,9		
2454,4	-0,5		
2457,3	2,9		
2454,4	-2,9		
2453,9	-0,5		
2449,6	-4,3		
2456,3	6,7		
2453,9	-2,4		
2452,5	-1,4		
2452	-0,5		
2451	-1		
2450,5	-0,5		
2447,2	-3,3		
2451	3,8		
2447,2	-3,8		
2451	3,8		
2448,1	-2,9		
2452,5	4,4		
2448,6	-3,9		
2452,5	3,9		
2449,1	-3,4		
2445,7	-3,4		
2451	5,3		
2447,2	-3,8		
2452	4,8		
2448,1	-3,9		
2452,5	4,4		
2448,6	-3,9		
2452	3,4		
2449,6	-2,4		
2449,6	0		
2448,6	-1		
2447,2	-1,4		
2449,1	1,9		
2447,6	-1,5		
2444,8	-2,8		
2444,8	0		
2444,8	0		
2444,3	-0,5		
2442,8	-1,5		
2441,4	-1,4		
2438,5	-2,9		
2438,5	0		
2439	0,5		
2436,1	-2,9		
2434,2	-1,9		
2433,7	-0,5		
2433,7	0		
2432,8	-0,9		
2428,9	-3,9		
2428,4	-0,5		
2428	-0,4		
2424,1	-3,9		
2428,4	4,3		
2425,5	-2,9		
2426	0,5		
2424,1	-1,9		
2427,5	3,4		
2424,1	-3,4		
2420,7	-3,4		
2420,3	-0,4		
2419,8	-0,5		
2415,9	-3,9		
2415,4	-0,5		
2418,8	3,4		
2415,4	-3,4		
2414,5	-0,9		
2410,6	-3,9		
2415,9	5,3		
2412,6	-3,3		
2415,9	3,3		
2413	-2,9		
2411,1	-1,9		
2410,2	-0,9		
2407,3	-2,9		
2410,6	3,3		
2407,3	-3,3		
2410,6	3,3		
2408,7	-1,9		
2410,6	1,9		
2408,7	-1,9		
2406,8	-1,9		
2406,8	0		
2403,9	-2,9		
2403,9	0		
2403,4	-0,5		
2401	-2,4		
2403,9	2,9		
2402,5	-1,4		
2404,9	2,4		
2403	-1,9		
2405,4	2,4		
2400,6	-4,8		
2403	2,4		
2404,4	1,4		
2402,5	-1,9		
2400,1	-2,4		
2402	1,9		
2399,6	-2,4		
2403	3,4		
2401,5	-1,5		
2400,1	-1,4		
2401	0,9		
2400,1	-0,9		
2396,7	-3,4		
2403,4	6,7		
2399,1	-4,3		
2400,1	1		
2402	1,9		
2398,6	-3,4		
2398,6	0		
2400,6	2		
2402	1,4		
2399,6	-2,4		
2402,5	2,9		
2401	-1,5		
2400,1	-0,9		
2399,6	-0,5		
2397,2	-2,4		
2403	5,8		
2399,6	-3,4		
2401	1,4		
2399,1	-1,9		
2394,8	-4,3		
2394,8	0		
2400,1	5,3		
2398,6	-1,5		
2399,1	0,5		
2397,2	-1,9		
2403	5,8		
2398,2	-4,8		
2399,6	1,4		
2396,2	-3,4		
2400,6	4,4		
2396,7	-3,9		
2395,7	-1		
2398,2	2,5		
2393,8	-4,4		
2402,5	8,7		
2399,1	-3,4		
2396,2	-2,9		
2394,8	-1,4		
2396,7	1,9		
2393,8	-2,9		
2397,2	3,4		
2395,7	-1,5		
2394,3	-1,4		
2392,4	-1,9		
2397,2	4,8		
2393,3	-3,9		
2396,2	2,9		
2393,3	-2,9		
2395,7	2,4		
2393,3	-2,4		
2394,3	1		
2392,9	-1,4		
2388,5	-4,4		
2398,2	9,7		
2389,5	-8,7		
2393,3	3,8		
2390	-3,3		
2396,2	6,2		
2392,4	-3,8		
2391,4	-1		
2394,8	3,4		
2390,9	-3,9		
2394,3	3,4		
2388	-6,3		
2394,8	6,8		
2392,4	-2,4		
2386,6	-5,8		
2390,5	3,9		
2392,9	2,4		
2389	-3,9		
2385,2	-3,8		
2389,5	4,3		
2386,1	-3,4		
2390,5	4,4		
2387,6	-2,9		
2384,2	-3,4		
2387,6	3,4		
2382,8	-4,8		
2382,8	0		
2387,1	4,3		
2383,7	-3,4		
2384,2	0,5		
2387,6	3,4		
2383,7	-3,9		
2383,7	0		
2392,4	8,7		
2385,6	-6,8		
2380,4	-5,2		
2386,6	6,2		
2381,8	-4,8		
2384,7	2,9		
2388,5	3,8		
2382,3	-6,2		
2382,3	0		
2385,2	2,9		
2377,5	-7,7		
2393,3	15,8		
2393,3	0		
2385,6	-7,7		
2384,2	-1,4		
2381,3	-2,9		
2386,1	4,8		
2381,8	-4,3		
2381,8	0		
2384,7	2,9		
2384,7	0		
2383,2	-1,5		
2385,2	2		
2383,7	-1,5		
2383,2	-0,5		
2382,3	-0,9		
2383,7	1,4		
2383,7	0		
2382,3	-1,4		
2381,3	-1		
2379,9	-1,4		
2376	-3,9		
2381,3	5,3		
2375,6	-5,7		
2381,8	6,2		
2377,5	-4,3		
2377	-0,5		
2373,6	-3,4		
2373,2	-0,4		
2373,2	0		
2369,8	-3,4		
2371,7	1,9		
2372,7	1		
2372,7	0		
2370,3	-2,4		
2371,7	1,4		
2370,3	-1,4		
2368,8	-1,5		
2364,5	-4,3		
2369,3	4,8		
2365,9	-3,4		
2365,9	0		
2368,4	2,5		
2366,9	-1,5		
2370,8	3,9		
2363,5	-7,3		
2368,4	4,9		
2366,9	-1,5		
2362,1	-4,8		
2367,9	5,8		
2362,6	-5,3		
2367,4	4,8		
2364	-3,4		
2362,1	-1,9		
2361,6	-0,5		
2361,6	0		
2361,6	0		
2361,1	-0,5		
2360,2	-0,9		
2350,1	-10,1		
2351	0,9		
2351	0		
2350,6	-0,4		
2350,1	-0,5		
2348,2	-1,9		
2347,2	-1		
2342,9	-4,3		
2347,7	4,8		
2343,8	-3,9		
2341	-2,8		
2339,5	-1,5		
2335,2	-4,3		
2336,1	0,9		
2339,5	3,4		
2336,1	-3,4		
2332,8	-3,3		
2336,6	3,8		
2331,3	-5,3		
2334,7	3,4		
2330,4	-4,3		
2330,4	0		
2334,2	3,8		
2330,8	-3,4		
2327,5	-3,3		
2328	0,5		
2324,6	-3,4		
2326	1,4		
2322,7	-3,3		
2323,2	0,5		
2320,8	-2,4		
2316,9	-3,9		
2317,4	0,5		
2324,6	7,2		
2319,3	-5,3		
2314,5	-4,8		
2319,3	4,8		
2315,5	-3,8		
2315	-0,5		
2312,6	-2,4		
2311,2	-1,4		
2315,5	4,3		
2311,6	-3,9		
2315	3,4		
2309,2	-5,8		
2314	4,8		
2310,2	-3,8		
2314,5	4,3		
2309,2	-5,3		
2313,1	3,9		
2309,7	-3,4		
2315	5,3		
2311,6	-3,4		
2316	4,4		
2312,1	-3,9		
2317,9	5,8		
2312,6	-5,3		
2306,3	-6,3		
2317,4	11,1		
2312,1	-5,3		
2305,9	-6,2		
2308,3	2,4		
2312,1	3,8		
2312,1	0		
2305,9	-6,2		
2303	-2,9		
2307,8	4,8		
2316	8,2		
2310,7	-5,3		
2307,3	-3,4		
2303,5	-3,8		
2313,6	10,1		
2310,2	-3,4		
2307,3	-2,9		
2306,8	-0,5		
2310,7	3,9		
2308,7	-2		
2305,4	-3,3		
2308,7	3,3		
2305,4	-3,3		
2311,2	5,8		
2306,3	-4,9		
2309,2	2,9		
2304,4	-4,8		
2305,9	1,5		
2307,3	1,4		
2306,8	-0,5		
2304,9	-1,9		
2303,5	-1,4		
2307,8	4,3		
2298,2	-9,6		
2308,7	10,5		
2307,8	-0,9		
2303,9	-3,9		
2299,1	-4,8		
2302,5	3,4		
2303,9	1,4		
2303,9	0		
2300,1	-3,8		
2303,5	3,4		
2307,3	3,8		
2300,6	-6,7		
2304,4	3,8		
2300,6	-3,8		
2304,4	3,8		
2300,6	-3,8		
2302	1,4		
2305,4	3,4		
2302	-3,4		
2295,8	-6,2		
2303	7,2		
2300,6	-2,4		
2298,2	-2,4		
2296,7	-1,5		
2294,3	-2,4		
2294,8	0,5		
2291,4	-3,4		
2294,8	3,4		
2292,9	-1,9		
2291,4	-1,5		
2291,9	0,5		
2291,9	0		
2291,9	0		
2291,4	-0,5		
2291	-0,4		
2286,6	-4,4		
2290	3,4		
2298,6	8,6		
2291	-7,6		
2289	-2		
2291	2		
2290,5	-0,5		
2288,6	-1,9		
2287,6	-1		
2283,3	-4,3		
2287,1	3,8		
2283,8	-3,3		
2282,8	-1		
2281,4	-1,4		
2278,5	-2,9		
2278,9	0,4		
2275,6	-3,3		
2272,2	-3,4		
2272,2	0		
2273,7	1,5		
2273,7	0		
2272,2	-1,5		
2271,2	-1		
2273,7	2,5		
2271,2	-2,5		
2266,9	-4,3		
2271,2	4,3		
2266,4	-4,8		
2270,3	3,9		
2266,9	-3,4		
2264,5	-2,4		
2263,1	-1,4		
2262,6	-0,5		
2260,2	-2,4		
2258,8	-1,4		
2256,8	-2		
2255,9	-0,9		
2250,1	-5,8		
2258,3	8,2		
2252,5	-5,8		
2257,3	4,8		
2250,1	-7,2		
2255,4	5,3		
2251,1	-4,3		
2249,1	-2		
2245,8	-3,3		
2251,5	5,7		
2247,7	-3,8		
2242,9	-4,8		
2252	9,1		
2247,7	-4,3		
2247,7	0		
2247,2	-0,5		
2248,2	1		
2245,8	-2,4		
2245,3	-0,5		
2243,4	-1,9		
2239	-4,4		
2242,4	3,4		
2237,6	-4,8		
2242,4	4,8		
2239	-3,4		
2239	0		
2239	0		
2236,6	-2,4		
2234,7	-1,9		
2236,2	1,5		
2230,9	-5,3		
2236,2	5,3		
2233,3	-2,9		
2232,8	-0,5		
2229	-3,8		
2232,3	3,3		
2229,4	-2,9		
2231,4	2		
2228,5	-2,9		
2227,5	-1		
2225,1	-2,4		
2221,3	-3,8		
2225,6	4,3		
2220,3	-5,3		
2223,7	3,4		
2222,7	-1		
2221,3	-1,4		
2224,2	2,9		
2223,2	-1		
2221,7	-1,5		
2222,7	1		
2220,8	-1,9		
2221,7	0,9		
2218,4	-3,3		
2216,5	-1,9		
2218,9	2,4		
2213,1	-5,8		
2218,4	5,3		
2212,6	-5,8		
2216,5	3,9		
2213,1	-3,4		
2213,1	0		
2216,9	3,8		
2216,5	-0,4		
2215	-1,5		
2214,5	-0,5		
2210,7	-3,8		
2215,5	4,8		
2215	-0,5		
2214	-1		
2214	0		
2212,1	-1,9		
2210,7	-1,4		
2211,6	0,9		
2208,3	-3,3		
2208,3	0		
2208,3	0		
2208,3	0		
2204,4	-3,9		
2204	-0,4		
2201,6	-2,4		
2207,3	5,7		
2202	-5,3		
2200,1	-1,9		
2199,6	-0,5		
2198,2	-1,4		
2196,3	-1,9		
2193,4	-2,9		
2190,5	-2,9		
2191,5	1		
2190	-1,5		
2188,1	-1,9		
2184,7	-3,4		
2189,1	4,4		
2185,2	-3,9		
2191,5	6,3		
2187,1	-4,4		
2183,8	-3,3		
2182,8	-1		
2180,9	-1,9		
2178	-2,9		
2174,2	-3,8		
2178	3,8		
2175,1	-2,9		
2170,8	-4,3		
2171,8	1		
2174,6	2,8		
2173,7	-0,9		
2174,2	0,5		
2171,3	-2,9		
2174,6	3,3		
2171,3	-3,3		
2170,8	-0,5		
2168,9	-1,9		
2169,4	0,5		
2168,4	-1		
2164,5	-3,9		
2163,1	-1,4		
2165	1,9		
2162,6	-2,4		
2163,6	1		
2160,2	-3,4		
2158,8	-1,4		
2157,8	-1		
2154,4	-3,4		
2159,3	4,9		
2154,4	-4,9		
2153,5	-0,9		
2150,6	-2,9		
2151,1	0,5		
2147,7	-3,4		
2151,1	3,4		
2148,2	-2,9		
2146,8	-1,4		
2143,4	-3,4		
2141,5	-1,9		
2141,5	0		
2142,4	0,9		
2141,5	-0,9		
2140,5	-1		
2138,6	-1,9		
2134,3	-4,3		
2137,6	3,3		
2134,7	-2,9		
2134,3	-0,4		
2133,3	-1		
2133,8	0,5		
2134,3	0,5		
2132,3	-2		
2133,3	1		
2133,3	0		
2133,3	0		
2130,4	-2,9		
2130,4	0		
2129	-1,4		
2124,7	-4,3		
2122,7	-2		
2119,4	-3,3		
2115	-4,4		
2113,1	-1,9		
2112,1	-1		
2108,3	-3,8		
2113,6	5,3		
2110,2	-3,4		
2108,8	-1,4		
2106,4	-2,4		
2104	-2,4		
2100,6	-3,4		
2100,6	0		
2099,7	-0,9		
2099,2	-0,5		
2098,2	-1		
2094,9	-3,3		
2093,9	-1		
2092	-1,9		
2091	-1		
2088,1	-2,9		
2085,2	-2,9		
2083,3	-1,9		
2081,9	-1,4		
2080,4	-1,5		
2078,5	-1,9		
2075,6	-2,9		
2072,7	-2,9		
2071,3	-1,4		
2069,4	-1,9		
2067	-2,4		
2066,5	-0,5		
2062,7	-3,8		
2060,7	-2		
2059,3	-1,4		
2055	-4,3		
2053,5	-1,5		
2052,5	-1		
2051,6	-0,9		
2051,6	0		
2051,1	-0,5		
2051,6	0,5		
2049,2	-2,4		
2049,2	0		
2049,2	0		
2045,8	-3,4		
2050,1	4,3		
2048,7	-1,4		
2047,7	-1		
2047,7	0		
2048,7	1		
2044,9	-3,8		
2049,7	4,8		
2044,4	-5,3		
2050,1	5,7		
2046,8	-3,3		
2045,3	-1,5		
2051,1	5,8		
2047,7	-3,4		
2044,4	-3,3		
2043,4	-1		
2042	-1,4		
2038,1	-3,9		
2038,1	0		
2034,8	-3,3		
2034,3	-0,5		
2031,4	-2,9		
2028,5	-2,9		
2025,1	-3,4		
2022,7	-2,4		
2019,9	-2,8		
2018,4	-1,5		
2015,5	-2,9		
2013,1	-2,4		
2009,8	-3,3		
2005,5	-4,3		
2008,8	3,3		
2006,9	-1,9		
2003,5	-3,4		
2000,2	-3,3		
1997,3	-2,9		
1996,3	-1		
1994,4	-1,9		
1991	-3,4		
1988,1	-2,9		
1986,7	-1,4		
1984,3	-2,4		
1982,9	-1,4		
1979,5	-3,4		
1976,6	-2,9		
1975,2	-1,4		
1974,2	-1		
1973,2	-1		
1969,4	-3,8		
1968,9	-0,5		
1965,1	-3,8		
1967	1,9		
1964,6	-2,4		
1960,3	-4,3		
1969,4	9,1		
1964,6	-4,8		
1963,6	-1		
1960,7	-2,9		
1961,7	1		
1959,8	-1,9		
1957,4	-2,4		
1955,5	-1,9		
1954	-1,5		
1951,1	-2,9		
1952,6	1,5		
1949,2	-3,4		
1947,3	-1,9		
1945,4	-1,9		
1943	-2,4		
1941,5	-1,5		
1940,6	-0,9		
1938,2	-2,4		
1934,8	-3,4		
1931,4	-3,4		
1929,5	-1,9		
1928,5	-1		
1925,2	-3,3		
1922,3	-2,9		
1918,9	-3,4		
1915,1	-3,8		
1915,1	0		
1915,1	0		
1912,7	-2,4		
1911,7	-1		
1908,8	-2,9		
1906,4	-2,4		
1903,5	-2,9		
1905	1,5		
1900,2	-4,8		
1904,5	4,3		
1901,6	-2,9		
1900,7	-0,9		
1899,2	-1,5		
1896,3	-2,9		
1892,5	-3,8		
1895,4	2,9		
1892	-3,4		
1889,6	-2,4		
1886,2	-3,4		
1886,2	0		
1884,8	-1,4		
1881	-3,8		
1877,1	-3,9		
1881,9	4,8		
1878,5	-3,4		
1875,2	-3,3		
1871,8	-3,4		
1876,1	4,3		
1872,8	-3,3		
1872,8	0		
1869,4	-3,4		
1869,9	0,5		
1867,5	-2,4		
1863,2	-4,3		
1866,5	3,3		
1863,2	-3,3		
1867	3,8		
1863,7	-3,3		
1859,8	-3,9		
1859,8	0		
1857,4	-2,4		
1855,5	-1,9		
1852,1	-3,4		
1848,7	-3,4		
1849,2	0,5		
1846,3	-2,9		
1843	-3,3		
1839,6	-3,4		
1835,8	-3,8		
1835,8	0		
1833,9	-1,9		
1830	-3,9		
1829,5	-0,5		
1829,1	-0,4		
1827,6	-1,5		
1826,2	-1,4		
1824,2	-2		
1820,4	-3,8		
1817,5	-2,9		
1817	-0,5		
1814,1	-2,9		
1814,1	0		
1810,3	-3,8		
1809,8	-0,5		
1807,4	-2,4		
1805	-2,4		
1802,1	-2,9		
1801,7	-0,4		
1798,8	-2,9		
1796,8	-2		
1797,8	1		
1797,8	0		
1799,7	1,9		
1802,1	2,4		
1802,1	0		
1802,1	0		
1802,6	0,5		
1802,1	-0,5		
1802,6	0,5		
1802,1	-0,5		
1802,6	0,5		
1802,1	-0,5		
1801,2	-0,9		
1800,7	-0,5		
1800,2	-0,5		
1799,2	-1		
1799,2	0		
1800,7	1,5		
1798,8	-1,9		
1796,8	-2		
1795,9	-0,9		
1794	-1,9		
1794,4	0,4		
1795,4	1		
1794,9	-0,5		
1794	-0,9		
1794,9	0,9		
1794	-0,9		
1794	0		
1795,9	1,9		
1800,7	4,8		
1801,2	0,5		
1802,1	0,9		
1805,5	3,4		
1804,5	-1		
1805	0,5		
1804,5	-0,5		
1804,1	-0,4		
1804,1	0		
1806,9	2,8		
1806,9	0		
1808,4	1,5		
1812,2	3,8		
1809,3	-2,9		
1814,1	4,8		
1814,6	0,5		
1813,7	-0,9		
1812,2	-1,5		
1814,6	2,4		
1813,7	-0,9		
1818	4,3		
1815,1	-2,9		
1818,5	3,4		
1819,4	0,9		
1820,4	1		
1817,5	-2,9		
1820,9	3,4		
1817,5	-3,4		
1818,5	1		
1822,3	3,8		
1821,3	-1		
1822,8	1,5		
1821,3	-1,5		
1822,3	1		
1821,8	-0,5		
1820,4	-1,4		
1817,5	-2,9		
1816,5	-1		
1816,5	0		
1818	1,5		
1822,3	4,3		
1820,4	-1,9		
1822,3	1,9		
1822,8	0,5		
1827,1	4,3		
1822,8	-4,3		
1824,2	1,4		
1827,1	2,9		
1825,7	-1,4		
1826,6	0,9		
1827,6	1		
1829,1	1,5		
1828,1	-1		
1831,9	3,8		
1828,6	-3,3		
1831,5	2,9		
1833,9	2,4		
1832,4	-1,5		
1836,3	3,9		
1840,1	3,8		
1836,7	-3,4		
1841,1	4,4		
1839,6	-1,5		
1840,6	1		
1837,7	-2,9		
1841,1	3,4		
1837,2	-3,9		
1842,5	5,3		
1841,5	-1		
1842	0,5		
1844,4	2,4		
1848,3	3,9		
1842	-6,3		
1846,8	4,8		
1843,5	-3,3		
1846,3	2,8		
1843,5	-2,8		
1849,2	5,7		
1845,9	-3,3		
1849,7	3,8		
1849,2	-0,5		
1845,4	-3,8		
1850,7	5,3		
1850,2	-0,5		
1850,2	0		
1847,8	-2,4		
1844,9	-2,9		
1851,2	6,3		
1846,8	-4,4		
1850,7	3,9		
1847,3	-3,4		
1851,2	3,9		
1851,2	0		
1848,7	-2,5		
1850,2	1,5		
1850,7	0,5		
1854	3,3		
1849,7	-4,3		
1851,2	1,5		
1853,1	1,9		
1853,1	0		
1852,1	-1		
1853,1	1		
1851,2	-1,9		
1848,3	-2,9		
1854	5,7		
1850,7	-3,3		
1849,7	-1		
1853,1	3,4		
1851,6	-1,5		
1851,6	0		
1848,3	-3,3		
1848,7	0,4		
1850,7	2		
1854,5	3,8		
1851,6	-2,9		
1852,6	1		
1856	3,4		
1852,6	-3,4		
1854	1,4		
1853,1	-0,9		
1849,7	-3,4		
1851,6	1,9		
1849,7	-1,9		
1849,2	-0,5		
1847,3	-1,9		
1847,8	0,5		
1846,3	-1,5		
1846,3	0		
1847,3	1		
1846,8	-0,5		
1844,4	-2,4		
1841,1	-3,3		
1840,6	-0,5		
1840,1	-0,5		
1842	1,9		
1843,9	1,9		
1845,9	2		
1844,4	-1,5		
1845,4	1		
1844,4	-1		
1844,4	0		
1843	-1,4		
1842	-1		
1840,6	-1,4		
1839,6	-1		
1840,1	0,5		
1839,1	-1		
1840,6	1,5		
1840,1	-0,5		
1844,4	4,3		
1840,6	-3,8		
1839,6	-1		
1838,7	-0,9		
1839,6	0,9		
1837,7	-1,9		
1835,3	-2,4		
1836,3	1		
1834,8	-1,5		
1835,8	1		
1835,3	-0,5		
1834,3	-1		
1834,3	0		
1834,3	0		
1832,9	-1,4		
1830,5	-2,4		
1829,5	-1		
1828,6	-0,9		
1827,6	-1		
1829,1	1,5		
1825,2	-3,9		
1825,2	0		
1821,8	-3,4		
1825,2	3,4		
1826,2	1		
1824,7	-1,5		
1822,8	-1,9		
1823,3	0,5		
1822,3	-1		
1823,8	1,5		
1822,3	-1,5		
1821,8	-0,5		
1821,8	0		
1821,8	0		
1820,9	-0,9		
1820,4	-0,5		
1820,4	0		
1820,4	0		
1818,9	-1,5		
1818	-0,9		
1817	-1		
1817,5	0,5		
1816,5	-1		
1815,1	-1,4		
1814,6	-0,5		
1813,7	-0,9		
1816,1	2,4		
1815,1	-1		
1812,2	-2,9		
1812,7	0,5		
1811,3	-1,4		
1810,8	-0,5		
1811,3	0,5		
1809,8	-1,5		
1808,4	-1,4		
1806,5	-1,9		
1806	-0,5		
1803,6	-2,4		
1802,6	-1		
1801,2	-1,4		
1802,1	0,9		
1803,1	1		
1804,1	1		
1803,1	-1		
1802,6	-0,5		
1802,1	-0,5		
1803,6	1,5		
1804,1	0,5		
1802,6	-1,5		
1800,2	-2,4		
1797,8	-2,4		
1796,4	-1,4		
1796,8	0,4		
1797,3	0,5		
1798,8	1,5		
1801,7	2,9		
1800,7	-1		
1799,2	-1,5		
1798,8	-0,4		
1795,9	-2,9		
1793	-2,9		
1791,1	-1,9		
1787,7	-3,4		
1785,3	-2,4		
1782,4	-2,9		
1779,5	-2,9		
1777,1	-2,4		
1776,2	-0,9		
1774,7	-1,5		
1772,8	-1,9		
1769,4	-3,4		
1770,4	1		
1768	-2,4		
1766,1	-1,9		
1764,2	-1,9		
1763,7	-0,5		
1760,3	-3,4		
1757,9	-2,4		
1757,4	-0,5		
1752,6	-4,8		
1750,2	-2,4		
1746,9	-3,3		
1745,9	-1		
1744	-1,9		
1740,1	-3,9		
1737,2	-2,9		
1736,3	-0,9		
1733,9	-2,4		
1732,4	-1,5		
1730,5	-1,9		
1731	0,5		
1731,5	0,5		
1733,4	1,9		
1734,4	1		
1736,3	1,9		
1737,2	0,9		
1737,7	0,5		
1739,2	1,5		
1740,1	0,9		
1740,1	0		
1740,6	0,5		
1741,1	0,5		
1742,1	1		
1742,5	0,4		
1743,5	1		
1744,5	1		
